＜入荷＞,,,,,,,,,,,,,,,
①段ボール,,,,,,,,,,,,,,,
1.持込み・バラ,,07/5,07/6,07/7,07/8,07/9,07/10,07/11,07/12,08/1,08/2,08/3,08/4,08/5,前年同月
タチオカ商会,,"93,532","82,210","81,030","87,630","78,330","85,753","78,320","88,254","82,610","72,620","74,060","88,890","82,330","-11,202"
青木商店,,"13,420","10,290","9,420","10,810","13,460","14,480","8,430","11,170","12,300","11,450","15,310","9,910","12,750",-670
IWD,,"49,370","63,260","26,750","37,100","52,730","38,180","50,300","38,320","32,160","22,770","54,460","42,190","51,360","1,990"
カナキン,,250,350,"1,130","1,130",100,980,410,"3,780",380,300,"1,640",470,440,190
浅見運輸倉庫,,460,"1,100",360,470,570,850,720,"1,070",330,550,110,"1,130",610,150
ダイコー商事,,"8,430","4,860","4,960",890,"2,020","3,810","3,670","4,010","3,920","2,190","3,450","2,690","4,160","-4,270"
旭満,,"21,990","36,540","43,320","20,510","42,530","42,510","30,573","32,440","32,550","27,980","37,900","32,020","23,520","1,530"
対馬商店,,"5,430","9,880","5,260","8,450","6,310","15,020","13,960","6,990","7,930","16,340","7,360","8,160","16,630","11,200"
アオイ,,"3,650","2,540","6,370","2,520","4,760","2,440","4,840","3,490","3,240","3,950","4,450","2,810","4,550",900
湘南（上田商店）,,"47,890","46,280","47,340","49,010","45,090","47,140","43,420","49,810","42,690","41,410","45,610","44,410","45,360","-2,530"
湘南リユース,,"2,150","1,070","1,890","1,920","1,570","2,670","3,370","2,180","1,730","1,240","2,650","2,300","1,680",-470
中央カンセー,,"1,580","1,630","1,890","1,890","2,170","1,980","2,110","2,360","1,950","2,110","1,410","1,740","2,830","1,250"
サンクリーン,,610,"1,190","2,590","2,320","1,440",340,320,"2,440","2,090","1,070","1,750","1,300",970,360
神奈中商事,,"17,660","21,080","21,460","17,700","22,140","20,480","17,150","20,280","16,240","16,910","19,550","28,080","27,440","9,780"
関東ダイレクトサービス,,"4,100","3,540","3,020","1,640","1,460","2,120","1,490","1,770","2,840","2,210","2,170","1,740","4,950",850
共栄商社,,"10,450","8,210","8,830","11,370","8,510","8,220","10,260","6,530","10,410","6,780","6,160","10,070","11,190",740
ティーエスエンバイロ,,"33,110","32,330","34,350","28,760","32,990","36,720","31,030","34,260","26,780","26,380","33,100","33,450","1,260","-31,850"
厚木市資源再生センター,,"9,770","9,400","13,440","10,130","9,220","11,870","9,420","11,700","12,790","8,270","9,850","12,190","9,090",-680
アイダスト,,"11,110","3,120","1,540",0,0,0,0,0,0,0,0,0,0,"-11,110"
クリーンサービス,,"21,330","22,340","24,390","21,160","21,160","22,810","19,010","25,563","18,920","18,730","21,150","21,610","21,610",280
アクト・エア,,0,0,0,0,0,0,0,0,0,0,0,0,0,0
北湘ヴィークル,,"34,780","33,570","45,790","49,140","27,140","30,170","24,940","26,350","23,450","21,720","27,760","28,240","26,030","-8,750"
セクメット,,"9,870","14,970","12,080","14,980","25,910","14,920","21,000","17,310","10,870","14,630","19,640","14,890","15,310","5,440"
清水商店,,"5,910","5,730","6,170","5,260","4,610","6,760","5,710","6,640","5,520","5,300","5,280","5,630","4,830","-1,080"
旭商会,,"3,070","2,800",590,"1,400","1,900","1,750","1,940","1,360",710,500,730,0,760,"-2,310"
未竜運輸,,"3,630","1,950","2,570","1,870","1,800","2,350","1,720","2,690","1,710","1,750","2,450","1,900","1,510","-2,120"
そのた,,"8,550","7,300","6,460","8,790","12,500","9,390","6,650","12,422","9,600","8,650","10,190","10,150","16,850","8,300"
持込み・バラ合計,,"422,102","427,540","413,000","396,850","420,420","423,713","390,763","413,189","363,720","335,810","408,190","405,970","388,020","-34,082"
,,,,,,,,,,,,,,,
2.引取り・バラ,,07/5,07/6,07/7,07/8,07/9,07/10,07/11,07/12,08/1,08/2,08/3,08/4,08/5,前年同月
坂田亮作商店,,"7,600",0,"1,100",0,0,"4,000",490,"4,820","14,470","2,160","12,050","6,810","5,640","-1,960"
JSRネット（富士通関連）,,0,20,0,50,0,0,0,0,0,0,0,0,0,0
ｸﾘｰﾝｻｰﾋﾞｽ（ﾀｷﾛﾝほか),,"6,920","8,560","12,270","5,340","9,780","8,160","7,390","8,080","6,420","6,620","9,420","4,810","3,170","-3,750"
山櫻,,"4,590","4,750","4,460","2,960","4,620","5,030","3,350","3,500","3,840","4,320","9,280","5,680","4,840",250
コトブキパック,,0,"1,610",0,260,710,"1,060",0,"1,440",260,0,210,0,340,340
ニッポンロジ株式会社,,0,0,0,0,0,0,0,0,0,0,0,0,0,0
ﾎﾟｼﾞﾃｨﾌﾞ（富士ﾛｼﾞ関連,,"61,570","59,630","66,460","49,710","58,220","77,400","59,900","72,990","57,560","61,340","81,370","89,550","71,650","10,080"
DSP（ピアノ運送ほか）,,"25,680","26,910","29,660","25,100","26,950","28,190","23,060","30,610","22,430","21,350","23,450","29,310","26,210",530
田丸（エスポットほか）,,"16,310","14,840","17,410","15,140","16,090","15,160","15,100","14,510","15,390","15,070","16,770","16,430","18,080","1,770"
アークル,,"4,850","4,950","5,890","5,000","4,260","4,080","3,560","3,690","3,290","3,010","3,600","4,100","3,890",-960
アート引越センター,,"2,720","2,050","2,060","1,750","1,460","2,250","2,020","2,290","2,060","1,300","2,700","3,100","2,600",-120
アオイ（富士電線）,,730,810,850,630,"1,000",660,630,790,650,450,580,"1,400",660,-70
ナカダイ（東京冷機ほか）,,540,740,590,360,870,260,530,680,870,430,730,830,480,-60
丸紅（不二家）,,"7,630","6,330","8,440","9,590","9,110","10,140","8,360","8,910","9,090","6,610","7,940","6,920","5,850","-1,780"
高山常温一括センター,,"42,020","39,920","42,590","38,440","40,010","43,840","39,630","44,150","38,510","35,600","42,220","44,190","40,540","-1,480"
大本紙料（クリエイトほか）,,"24,560","24,600","25,340","26,600","26,180","20,640","20,250","25,950","22,480","24,110","31,510","28,620","27,590","3,030"
共栄商社（ストリックスほか）,,"5,690","4,370","5,000","5,440","5,970","5,530","6,210","6,630","5,210","4,350","5,810","6,150","4,970",-720
そのた,,"28,150","21,530","26,640","29,520","35,680","29,990","32,490","29,630","30,540","28,640","27,190","28,430","27,110","-1,040"
引取り・バラ合計,,"239,560","221,620","248,760","215,890","240,910","256,390","222,970","258,670","233,070","215,360","274,830","276,330","243,620","4,060"
,,,,,,,,,,,,,,,
段ボール・バラ合計,,"661,662","649,160","661,760","612,740","661,330","680,103","613,733","671,859","596,790","551,170","683,020","682,300","631,640","-30,022"
,,,,,,,,,,,,,,,
3.段ボール・プレス,,07/5,07/6,07/7,07/8,07/9,07/10,07/11,07/12,08/1,08/2,08/3,08/4,08/5,前年同月
坂田亮作商店,ﾀﾞﾝﾎﾞｰﾙ,"264,520","266,680","236,650","205,660","265,310","252,930","253,180","260,670","196,960","206,560","245,390","248,190","223,020","-41,500"
坂田亮作商店,ﾎﾟﾘﾗﾐﾀﾞﾝﾎﾞｰﾙ,610,0,"13,760","8,850","11,550","12,950",0,"1,140",0,0,0,0,0,-610
セクメット,,"14,430","20,450","26,950","8,900","21,170","25,900","15,630","21,090","21,830","18,780","23,280","21,640","19,680","5,250"
TS環境リサイクル,,0,0,0,0,0,0,0,0,0,0,0,0,0,0
大本紙料,,0,0,0,0,0,0,0,0,0,0,0,0,0,0
大創産業　神奈川ＲＤＣ,,0,"65,600",0,0,0,0,0,"24,230","12,540",0,0,0,"13,650","13,650"
そのた,,0,0,0,0,0,0,0,0,0,0,0,0,0,0
段ボール・プレス合計,,"279,560","352,730","277,360","223,410","298,030","291,780","268,810","307,130","231,330","225,340","268,670","269,830","256,350","-23,210"
,,,,,,,,,,,,,,,
段ボール合計,,"941,222","1,001,890","939,120","836,150","959,360","971,883","882,543","978,989","828,120","776,510","951,690","952,130","887,990","-53,232"
,,,,,,,,,,,,,,,
,,,,,,,,,,,,,,,
②新聞,,,,,,,,,,,,,,,
1.持込み・バラ,,07/5,07/6,07/7,07/8,07/9,07/10,07/11,07/12,08/1,08/2,08/3,08/4,08/5,前年同月
タチオカ商会,,"16,020","12,070","14,670","13,660","11,120","11,780","13,490","15,020","11,710","13,080","10,690","10,070","10,660","-5,360"
厚木市資源再生,,950,880,"1,220",970,920,"1,220",890,"1,200","1,690",750,"1,360","1,050",990,40
紙商,,"28,030","28,770","31,530","30,010","22,790","30,380","26,540","29,440","23,270","22,970","23,940","23,920","20,440","-7,590"
中村伸行,,0,0,0,0,0,0,0,0,0,0,0,0,0,0
毎日新聞秦野,,"13,950","14,710","16,740","13,900","14,310","12,610","13,410","16,200","14,700","14,480","13,450","11,700","12,180","-1,770"
そのた,,"1,110","1,730",210,"1,240",100,310,510,490,490,410,900,60,120,-990
新聞合計,,"60,060","58,160","64,370","59,780","49,240","56,300","54,840","62,350","51,860","51,690","50,340","46,800","44,390","-15,670"
,,,,,,,,,,,,,,,
,,,,,,,,,,,,,,,
③雑誌,,,,,,,,,,,,,,,
1.持込み・バラ,,07/5,07/6,07/7,07/8,07/9,07/10,07/11,07/12,08/1,08/2,08/3,08/4,08/5,前年同月
タチオカ商会,,"80,050","66,700","65,160","69,170","63,410","64,430","74,230","80,050","80,560","71,670","80,860","91,090","78,830","-1,220"
青木商店,,0,0,0,0,23,0,0,0,"2,620",0,"2,360","3,670","2,260","2,260"
ダイコー商事,,"1,740","1,200","1,370",250,650,"1,760","1,340","4,630","2,740","1,480",800,850,500,"-1,240"
旭満,,"5,310","11,020","18,740","8,150","8,750","12,720","8,920","9,630","8,780","13,610","13,920","20,470","5,980",670
セクメット,,"3,500","3,180","4,430","1,740","2,350","1,870","2,720","3,460","4,090","3,720","2,330","5,440","1,110","-2,390"
平塚環興,,680,330,590,410,580,650,490,990,600,450,770,580,290,-390
湘南リユース,,"6,620","3,870","4,900","2,460","4,880","9,070","1,670","3,480","5,590","5,340","10,270","6,980","3,060","-3,560"
キョウセイ環境,,380,100,60,340,20,140,0,340,0,0,410,0,0,-380
三星産業,,"1,560",0,0,0,0,"1,900",0,"1,340",0,0,0,0,0,"-1,560"
アイダスト,,0,"1,000",0,0,0,0,0,0,0,0,0,0,0,0
厚木市資源再生センター,,"12,620","10,280","14,820","11,390","10,300","13,810","11,490","13,060","16,580","11,350","13,670","16,870","11,700",-920
旭商会,,"13,160",0,0,0,0,0,"6,420",450,"51,610",0,"15,690","9,090","3,060","-10,100"
そのた,,"2,690","3,230","3,650","1,470","2,150","3,870","1,690","9,130","3,760","3,350","12,130","6,840","4,900","2,210"
持込み・バラ合計,,"128,310","100,910","113,720","95,380","93,113","110,220","108,970","126,560","176,930","110,970","153,210","161,880","111,690","-16,620"
,,,,,,,,,,,,,,,
2.引取り・バラ,,07/5,07/6,07/7,07/8,07/9,07/10,07/11,07/12,08/1,08/2,08/3,08/4,08/5,前年同月
JSRネット（富士通関連,,0,0,0,0,0,0,0,0,0,0,0,0,0,0
ｴｺｻﾎﾟｰﾄ（ﾊﾟﾙｼｽﾃﾑ,,"2,860","3,060","3,300","2,020","3,070","2,600","2,110","2,750","2,410","2,310","2,490","2,740","3,180",320
ﾎﾟｼﾞﾃｨﾌﾞ（富士ﾛｼﾞ関連,,330,"1,400","1,680","3,100","2,900","5,270","1,940",560,"8,400","3,200","3,830","5,140","3,020","2,690"
DSP（ピアノ運送ほか,,"1,550","1,690","1,350","1,450","1,580","1,820","1,530","1,840","1,810","1,590","1,420","1,590","1,600",50
田丸（エスポットほか,,"49,160","44,610","47,900","46,880","42,510","41,300","45,660","56,720","42,850","39,960","52,280","54,610","53,100","3,940"
湘南リンテック加工,,"7,790","8,770","6,410","5,460","4,680","4,620","6,130","6,670","4,160","4,910","5,040","7,290","4,350","-3,440"
丸紅（不二家）,,"1,350",670,"1,170","1,410","1,540","2,000","1,470","1,940","1,250","4,410",980,"1,280","1,210",-140
そのた,,"7,310","5,220","5,850","8,930","7,350","7,400","2,980","4,680","4,990","3,670","10,270","6,660","4,420","-2,890"
引取り・バラ合計,,"70,350","65,420","67,660","69,250","63,630","65,010","61,820","75,160","65,870","60,050","76,310","79,310","70,880",530
,,,,,,,,,,,,,,,
雑誌・バラ合計,,"198,660","166,330","181,380","164,630","156,743","175,230","170,790","201,720","242,800","171,020","229,520","241,190","182,570","-16,090"
,,,,,,,,,,,,,,,
3.雑誌・プレス,,07/5,07/6,07/7,07/8,07/9,07/10,07/11,07/12,08/1,08/2,08/3,08/4,08/5,前年同月
ティーエスエンバイロ,,0,0,0,0,0,0,0,0,0,0,0,0,0,0
東部サービスセンター,,0,0,0,0,0,0,0,0,0,0,0,0,0,0
そのた,,0,0,"2,500","2,150",0,"2,210","2,030","1,270",0,"3,980",0,"1,720",0,0
雑誌・プレス合計,,0,0,"2,500","2,150",0,"2,210","2,030","1,270",0,"3,980",0,"1,720",0,0
,,,,,,,,,,,,,,,
雑誌合計,,"198,660","166,330","183,880","166,780","156,743","177,440","172,820","202,990","242,800","175,000","229,520","242,910","182,570","-16,090"
,,,,,,,,,,,,,,,
,,,,,,,,,,,,,,,
,,,,,,,,,,,,,,,
,,,,,,,,,,,,,,,
④プラ類,,,,,,,,,,,,,,,
1.持込み・バラ,,07/5,07/6,07/7,07/8,07/9,07/10,07/11,07/12,08/1,08/2,08/3,08/4,08/5,前年同月
IWD,,"10,580","6,980","3,230","3,810","1,840","5,390","1,540","4,650","2,820","2,230","3,140","1,820","1,280","-9,300"
そのた,,0,170,70,220,0,220,410,"2,610",500,"1,270",900,"1,230",280,280
持込み合計,,"10,580","7,150","3,300","4,030","1,840","5,610","1,950","7,260","3,320","3,500","4,040","3,050","1,560","-9,020"
,,,,,,,,,,,,,,,
2.引取り・バラ,,07/5,07/6,07/7,07/8,07/9,07/10,07/11,07/12,08/1,08/2,08/3,08/4,08/5,前年同月
山櫻,,130,180,170,30,160,690,290,190,170,"1,050",190,320,"1,980","1,850"
ﾎﾟｼﾞﾃｨﾌﾞ（富士ﾛｼﾞ関連,,530,"1,210","1,960",540,650,760,"1,890","1,000",650,730,700,710,730,200
高山一括センター,,250,240,260,250,240,260,250,270,270,240,260,260,260,10
そのた,,"1,100",960,"1,070","1,130","1,850","1,700","1,290","1,410","1,480","1,670","1,780","1,130","1,000",-100
引取り合計,,"2,010","2,590","3,460","1,950","2,900","3,410","3,720","2,870","2,570","3,690","2,930","2,420","3,970","1,960"
,,,,,,,,,,,,,,,
プラ類合計,,"12,590","9,740","6,760","5,980","4,740","9,020","5,670","10,130","5,890","7,190","6,970","5,470","5,530","-7,060"
,,,,,,,,,,,,,,,
,,,,,,,,,,,,,,,
⑤その他,,,,,,,,,,,,,,,
1.持込み・バラ,,07/5,07/6,07/7,07/8,07/9,07/10,07/11,07/12,08/1,08/2,08/3,08/4,08/5,前年同月
タチオカ商会,牛乳パック,"3,080","3,050","2,720","2,070","2,440","3,030","3,180","3,000","2,100","2,610","1,880","1,690","1,960","-1,120"
厚木資源再生センター,牛乳パック,500,380,610,430,470,580,430,460,560,340,470,630,510,10
厚木資源再生センター,ウエス,"5,500","3,410","4,680","3,613","3,550","5,300","5,000","3,480","5,320","2,330","4,270","7,120","6,320",820
リンテック,損紙,0,0,0,0,0,0,0,0,0,0,0,0,0,0
三善製紙,損紙,"11,220","11,410","12,500","6,990","12,570","12,340","6,370","5,840","6,470","13,350","5,490",0,0,"-11,220"
ユーネット,台紙ほか,0,0,0,0,0,0,0,0,0,0,0,0,0,0
北湘ヴィークル,上台紙,"22,800","23,500","27,660","16,940","24,890","28,660","18,910","23,580","18,730","20,810","26,880","20,690","19,420","-3,380"
そのた,,"6,870","5,430","8,950","4,320","8,200","5,690","5,950","7,770","4,950","5,600","6,370","7,140","7,930","1,060"
持込み・バラ合計,,"49,970","47,180","57,120","34,363","52,120","55,600","39,840","44,130","38,130","45,040","45,360","37,270","36,140","-13,830"
,,,,,,,,,,,,,,,
2.引取り・バラ,,07/5,07/6,07/7,07/8,07/9,07/10,07/11,07/12,08/1,08/2,08/3,08/4,08/5,前年同月
坂田亮作商店,ﾏﾙﾁﾊﾟｯｸほか,"20,670","14,250","17,240","18,980","18,740","25,650","14,160","29,300","51,790","23,870","14,400","27,440","31,470","10,800"
山櫻,廃紙ほか,"98,980","93,210","89,740","60,050","94,740","122,560","90,020","103,670","99,250","98,420","132,440","127,850","98,880",-100
コトブキパック,上台紙ほか,"10,090","17,580","14,680","11,600","14,320","18,210","15,030","10,860","11,880","13,930","17,310","12,060","12,090","2,000"
DSP,ｹﾝﾄほか,"35,910","14,700","12,570","6,090","2,600","21,280","9,580","8,030","5,330","6,130","7,130","10,490","5,010","-30,900"
吉田印刷（旭満引取り,金銀台紙ほか,"13,860","17,750","16,330","12,460","12,660","14,010","13,020","16,530","10,610","11,160","12,930","13,710","14,930","1,070"
田丸（エスポットほか）,ペットボトル,"5,040","5,970","7,080","7,170","6,760","7,010","4,940","4,610","3,970","4,050","5,730","4,660","4,250",-790
田丸（エスポットほか）,アルミ缶,"1,010","1,100",990,"1,100","1,240","1,270","1,100",790,"1,050",750,740,650,810,-200
パスコ,雑袋,"4,080","3,940","3,840","4,450","3,520","3,520","4,380","3,130","3,800","3,320","3,370","3,740","4,490",410
そのた,,"6,510","5,880","5,420","6,660","4,970","8,460","10,990","6,530","6,730","6,240","11,290","8,730","8,530","2,020"
引取り・バラ合計,,"196,150","174,380","167,890","128,560","159,550","221,970","163,220","183,450","194,410","167,870","205,340","209,330","180,460","-15,690"
,,,,,,,,,,,,,,,
その他・バラ合計,,"246,120","221,560","225,010","162,923","211,670","277,570","203,060","227,580","232,540","212,910","250,700","246,600","216,600","-29,520"
,,,,,,,,,,,,,,,
3.プレス品,,07/5,07/6,07/7,07/8,07/9,07/10,07/11,07/12,08/1,08/2,08/3,08/4,08/5,前年同月
その他のプレス品,,"94,440","79,940","92,490","80,440","93,800","105,670","79,090","91,570","91,050","78,120","91,410","75,700","66,730","-27,710"
その他・プレス品合計,,"94,440","79,940","92,490","80,440","93,800","105,670","79,090","91,570","91,050","78,120","91,410","75,700","66,730","-27,710"
,,,,,,,,,,,,,,,
その他合計,,"340,560","301,500","317,500","243,363","305,470","383,240","282,150","319,150","323,590","291,030","342,110","322,300","283,330","-57,230"
,,,,,,,,,,,,,,,
入荷合計,,"1,553,092","1,537,620","1,511,630","1,312,053","1,475,553","1,597,883","1,398,023","1,573,609","1,452,260","1,301,420","1,580,630","1,569,610","1,403,810","-149,282"
,,,,,,,,,,,,,,,
,,,,,,,,,,,,,,,
＜参考＞事業所間横持ち,,,,,,,,,,,,,,,
,,07/5,07/6,07/7,07/8,07/9,07/10,07/11,07/12,08/1,08/2,08/3,08/4,08/5,前年同月
御殿場→厚木,ﾀﾞﾝﾎﾞｰﾙ,0,"64,680",0,0,0,0,0,0,0,0,0,0,0,0
御殿場→厚木,ｻﾞｯｼ,"28,290",0,"9,520","3,670","5,950","10,090",0,"7,600","9,420","7,770",0,"2,990","14,100","-14,190"
御殿場→厚木,その他,"11,810",0,"3,930","8,610","6,870","3,640",0,"5,170","4,390","3,960",0,"9,730",0,"-11,810"
富　士→厚木,ﾀﾞﾝﾎﾞｰﾙ,"27,240","35,940","30,130","26,680","16,190","21,920","14,440","22,390","32,990","40,740","25,120","21,000","16,250","-10,990"
富　士→厚木,ｻﾞｯｼ,"12,550","29,110","46,590","27,690","38,280","60,600","38,710","35,510","39,960","34,840","55,740","36,190","37,730","25,180"
富　士→厚木,その他,0,0,"1,420",0,0,0,0,0,0,0,0,0,0,0
浜　松→厚木,ﾀﾞﾝﾎﾞｰﾙ,0,0,"13,210",0,0,0,0,0,0,0,0,0,0,0
浜　松→厚木,ｻﾞｯｼ,0,"22,580",0,0,0,0,0,"8,700",0,0,0,0,"11,070","11,070"
浜　松→厚木,その他,0,0,0,0,0,0,0,0,0,"10,540",0,0,"10,830","10,830"
その他,,0,0,0,0,0,0,0,0,0,0,0,"37,260","11,700","11,700"
横持品合計,,"79,890","152,310","104,800","66,650","67,290","96,250","53,150","79,370","86,760","97,850","80,860","107,170","101,680","21,790"
,,,,,,,,,,,,,,,
入荷+横持,,"1,632,982","1,689,930","1,616,430","1,378,703","1,542,843","1,694,133","1,451,173","1,652,979","1,539,020","1,399,270","1,661,490","1,676,780","1,505,490","-127,492"
,,,,,,,,,,,,,,,
,,,,,,,,,,,,,,,
,,,,,,,,,,,,,,,
,,,,,,,,,,,,,,,
,,,,,,,,,,,,,,,
,,,,,,,,,,,,,,,
,,,,,,,,,,,,,,,
,,,,,,,,,,,,,,,
,,,,,,,,,,,,,,,
,,,,,,,,,,,,,,,
,,,,,,,,,,,,,,,
,,,,,,,,,,,,,,,
,,,,,,,,,,,,,,,
①段ボール,,,,,,,,,,,,,,,
1.輸出,,07/5,07/6,07/7,07/8,07/9,07/10,07/11,07/12,08/1,08/2,08/3,08/4,08/5,前年同月
東方物産,古段,"43,520","24,440","61,800",0,0,0,"60,340","43,010",0,0,0,0,0,"-43,520"
東方物産,E段,"73,870","95,340","113,160",0,0,0,0,0,0,"47,850","21,620",0,0,"-73,870"
阪和興業,古段,0,0,0,0,0,0,0,0,0,0,0,0,0,0
丸紅,古段,0,0,0,0,0,0,0,0,0,0,0,0,0,0
日商岩井,古段,"168,020","110,770","172,540","186,840","358,190","149,620","170,340","316,860","233,830","234,890","346,440","165,230","206,450","38,430"
VIPA,古段,"44,320","66,800",0,"81,790",0,"19,840","20,310","80,880","57,870","78,810","163,250","20,080","60,990","16,670"
VIPA,E段,"362,660","242,230","292,040","48,560",0,0,0,0,0,"19,730",0,0,0,"-362,660"
KPP,古段,0,0,0,0,0,"83,220",0,0,0,0,0,0,0,0
三邦,古段,0,0,0,0,0,0,0,0,0,0,0,0,0,0
リニア,古段,0,0,0,0,0,0,0,0,0,0,0,"124,520",0,0
JP,古段,0,0,0,0,0,0,0,0,0,0,0,0,0,0
山發,古段,0,0,0,0,0,0,0,0,0,0,"19,550",0,0,0
美国中南日本,古段,,,,,,,,,"19,610","19,420","69,960",0,"41,210","41,210"
美国中南日本,E段,0,0,0,"187,070","300,870","296,500","217,070","241,290","288,910","192,730","98,430","249,670","250,850","250,850"
日本紙通商,古段,"126,450",0,0,0,0,0,0,0,0,0,0,"19,590",0,"-126,450"
信一,古段,0,"258,800",0,"101,310","102,770","104,140","40,530","20,780","117,390",0,"38,840","61,520",0,0
新東亜,古段,,,,,,"41,760",0,0,0,0,0,0,0,0
日本マテリオ,古段,,,,,,"64,190",0,0,0,0,0,0,0,0
JOP,古段,"398,710","238,660","382,260","276,180","256,420","293,280","462,850","277,220","194,900","299,230","307,950","356,230","424,640","25,930"
輸出合計,,"1,217,550","1,037,040","1,021,800","881,750","1,018,250","1,052,550","971,440","980,040","912,510","892,660","1,066,040","996,840","984,140","-233,410"
,,,,,,,,,,,,,,,
2.国内,,07/5,07/6,07/7,07/8,07/9,07/10,07/11,07/12,08/1,08/2,08/3,08/4,08/5,前年同月
日本製紙（新東海製紙,,"82,200",0,0,0,"12,820",0,0,0,0,0,"12,150",0,0,"-82,200"
日本製紙（特殊東海マテ,,0,0,0,0,0,0,0,0,0,0,0,0,0,0
日本製紙（吉永工場,,0,0,0,0,0,0,0,0,0,0,0,0,0,0
日本製紙(安藤紙業倉庫,,0,0,0,0,0,0,0,0,0,0,0,0,0,0
大王製紙,,"12,610","12,040",0,0,"25,090",0,0,0,0,0,0,0,0,"-12,610"
大王製紙,大本紙料扱い,0,0,0,0,0,0,0,0,0,0,0,0,0,0
もっかいトラスト,,,,"12,820",0,"12,900","12,990","12,810",0,0,"24,290",0,0,"19,650","19,650"
王子マテリア,,0,0,0,0,0,0,0,0,0,0,0,0,0,0
国内合計,,"94,810","12,040","12,820",0,"50,810","12,990","12,810",0,0,"24,290","12,150",0,"19,650","-75,160"
,,,,,,,,,,,,,,,
段ボール出荷合計,,"1,312,360","1,049,080","1,034,620","881,750","1,069,060","1,065,540","984,250","980,040","912,510","916,950","1,078,190","996,840","1,003,790","-308,570"
,,,,,,,,,,,,,,,
②新聞,,,,,,,,,,,,,,,
1.輸出,,07/5,07/6,07/7,07/8,07/9,07/10,07/11,07/12,08/1,08/2,08/3,08/4,08/5,前年同月
東方物産,,0,0,0,0,0,0,0,0,0,0,0,0,0,0
輸出合計,,0,0,0,0,0,0,0,0,0,0,0,0,,0
,,,,,,,,,,,,,,,
2.国内,,07/5,07/6,07/7,07/8,07/9,07/10,07/11,07/12,08/1,08/2,08/3,08/4,08/5,前年同月
中越パルプ工業,,"76,890",0,0,"41,170","26,070","24,150",0,0,"51,130",0,0,"18,300","41,770","-35,120"
高尾製紙,,0,0,0,0,0,0,0,0,0,0,0,0,0,0
大王製紙,,0,"64,780","57,670","34,780","12,830","38,020","32,610","62,820",0,"47,380","59,320","21,420","25,410","25,410"
ティーエスエンバイロ,パレ残紙,"1,240",0,0,0,0,0,"1,470",0,"1,430",0,0,0,0,"-1,240"
国内合計,,"78,130","64,780","57,670","75,950","38,900","62,170","34,080","62,820","52,560","47,380","59,320","39,720","67,180","-10,950"
,,,,,,,,,,,,,,,
新聞出荷合計,,"78,130","64,780","57,670","75,950","38,900","62,170","34,080","62,820","52,560","47,380","59,320","39,720","67,180","-10,950"
,,,,,,,,,,,,,,,
③雑誌,,,,,,,,,,,,,,,
1.輸出,,07/5,07/6,07/7,07/8,07/9,07/10,07/11,07/12,08/1,08/2,08/3,08/4,08/5,前年同月
東方物産,,0,0,0,0,0,0,0,"130,170","158,160",0,0,0,0,0
阪和興業,,0,0,0,0,0,0,0,0,0,0,0,0,0,0
KPP,,0,0,0,0,0,0,0,0,0,0,0,0,0,0
JP,,0,0,0,0,0,0,0,0,0,0,0,0,0,0
日商岩井,,0,0,"45,050",0,0,0,0,0,0,0,"128,270","294,000","21,500","21,500"
JOP,,"114,670","22,770","240,820","90,250","202,060","216,540",0,0,0,"43,400","63,480",0,"90,250","-24,420"
日本紙通商,,"68,950","88,560",0,0,0,0,0,0,0,0,0,0,0,"-68,950"
美国中南日本,,,,,,,,,,,,,,"22,560","22,560"
VIPA,,"114,950","185,320",0,0,"87,850","64,200","151,820","175,980","239,760","124,970","108,060","22,120","109,770","-5,180"
輸出合計,,"298,570","296,650","285,870","90,250","289,910","280,740","151,820","306,150","397,920","168,370","299,810","316,120","244,080","-54,490"
,,,,,,,,,,,,,,,
2.国内,,07/5,07/6,07/7,07/8,07/9,07/10,07/11,07/12,08/1,08/2,08/3,08/4,08/5,前年同月
日本製紙,,0,0,0,0,0,0,0,0,0,0,0,0,0,0
いわき大王製紙,,0,0,0,0,0,0,"26,020",0,0,0,0,0,0,0
いわき大王製紙,板紙ﾐｯｸｽ,0,0,0,0,0,0,0,0,0,0,0,0,0,0
国内合計,,0,0,0,0,0,0,"26,020",0,0,0,0,0,0,0
,,,,,,,,,,,,,,,
雑誌出荷合計,,"298,570","296,650","285,870","90,250","289,910","280,740","177,840","306,150","397,920","168,370","299,810","316,120","244,080","-54,490"
,,,,,,,,,,,,,,,
④プラ類,,,,,,,,,,,,,,,
1.輸出,,07/5,07/6,07/7,07/8,07/9,07/10,07/11,07/12,08/1,08/2,08/3,08/4,08/5,前年同月
東方物産,ｽﾄﾚｯﾁ,0,0,0,0,0,0,0,0,0,0,0,0,0,0
輸出合計,,0,0,0,0,0,0,0,0,0,0,0,0,0,0
,,,,,,,,,,,,,,,
2.国内,,07/5,07/6,07/7,07/8,07/9,07/10,07/11,07/12,08/1,08/2,08/3,08/4,08/5,前年同月
日本資源開発,軟質ﾐｯｸｽ,"7,150","12,620",0,0,0,0,0,0,0,0,0,0,0,"-7,150"
日本資源開発,PPﾊﾞﾝﾄﾞ,"2,460","3,260",0,0,0,0,0,0,0,0,0,0,0,"-2,460"
日本資源開発,ｽﾄﾚｯﾁ,0,0,0,0,0,0,0,0,0,0,0,0,0,0
和円商事,塩ビ,,,,,350,0,0,0,0,0,0,110,0,0
和円商事,フレコン,,,,,860,0,0,0,0,0,0,150,0,0
和円商事,PPﾊﾞﾝﾄﾞ,,,,,"1,530",0,"2,200","1,710","1,470",0,0,"1,980","2,160","2,160"
和円商事,フイルムB,,,,,"4,960",0,"4,870","4,510","5,340",0,0,"5,260","5,120","5,120"
和円商事,プラパレ,,,,,,,,,,,,,460,460
エムアンドアール,PPﾊﾞﾝﾄﾞ,0,0,0,0,0,0,"1,870",0,"2,040",0,"1,900",0,0,0
エムアンドアール,ﾌｲﾙﾑ（N）,0,0,0,0,"7,160",0,"3,930",0,"4,890",0,"5,600",0,0,0
エムアンドアール,軟質ﾐｯｸｽ,0,0,0,0,0,0,0,0,0,0,0,0,0,0
国内合計,,"9,610","15,880",0,0,"14,860",0,"12,870","6,220","13,740",0,"7,500","7,500","7,740","-1,870"
,,,,,,,,,,,,,,,
プラ出荷合計,,"9,610","15,880",0,0,"14,860",0,"12,870","6,220","13,740",0,"7,500","7,500","7,740","-1,870"
,,,,,,,,,,,,,,,
⑤その他,,,,,,,,,,,,,,,
1.輸出,,07/5,07/6,07/7,07/8,07/9,07/10,07/11,07/12,08/1,08/2,08/3,08/4,08/5,前年同月
美国中南日本,ｶｯﾌﾟ原紙,0,0,0,"60,110","40,380","139,510",0,"38,900","58,070",0,"113,770","77,980","39,010","39,010"
JOP,ｶｯﾌﾟ原紙,,,,,,,,"39,300",0,0,0,0,0,0
阪和興業,袋茶,0,0,0,0,0,0,0,0,"11,450",0,0,0,0,0
輸出合計,,0,0,0,"60,110","40,380","139,510",0,"78,200","69,520",0,"113,770","77,980","39,010","39,010"
,,,,,,,,,,,,,,,
2.国内,,07/5,07/6,07/7,07/8,07/9,07/10,07/11,07/12,08/1,08/2,08/3,08/4,08/5,前年同月
丸井製紙,色模造,"65,990","52,890","47,880","38,960","39,180","77,210","48,940","50,190","50,150","50,720","76,610","50,150","64,090","-1,900"
丸井製紙,上ケントS,,,,,,"13,470",0,"12,730","12,510",0,0,"12,870",0,0
大王製紙,難処理古紙,"23,460",0,"13,560","22,730",0,"9,560","29,360","9,550","12,290","15,780","17,460","7,140","29,940","6,480"
大王製紙,ﾋﾞﾆｰﾙ重袋,"8,230",0,"13,290",0,0,"9,710","5,820",0,"6,080",0,"13,040","3,280","6,760","-1,470"
大王製紙,紙管,"15,900","11,040","8,790",0,0,"11,840","4,840","7,680","5,650","8,140","5,070","8,860","4,460","-11,440"
大王製紙,紙管（金具付）,,,"3,020",0,0,0,0,"3,600",0,0,0,"3,100",0,0
大王製紙,上台紙,0,0,0,0,0,0,0,0,0,0,0,0,0,0
いわき大王製紙,上台紙,"25,130","37,070","35,240","33,060","24,830","37,450","48,960","24,420","23,700","20,830","10,340","10,650","25,040",-90
いわき大王製紙,紙管,,,,"12,660",0,0,0,0,0,0,0,0,0,0
いわき大王製紙,雑がみバラ,,,,,,,,,590,"1,160",480,520,0,0
日本製紙/草加,,,,,,,,,,,,"12,380",0,0,0
アイネット（愛媛パルプ）,カップ原紙,0,0,0,0,0,0,0,0,0,0,0,0,0,0
日本製紙,カップ原紙,0,0,0,0,0,0,0,0,590,"1,160",480,520,0,0
日誠産業,牛乳パック,0,0,0,"6,930","5,100",0,0,"4,510",0,0,0,0,0,0
日誠産業,ｶｯﾌﾟ色ﾄﾘﾑ,"79,150","94,260","26,630","33,230","6,680",0,0,"21,230",0,0,0,0,0,"-79,150"
ｴﾘｴｰﾙﾍﾟｰﾊﾟ,ｼｭﾚｯﾀﾞｰ,"9,150","10,410","11,410","11,450","10,590","12,090","10,870","18,860","9,850",0,"18,890","23,380",0,"-9,150"
ｴﾘｴｰﾙﾍﾟｰﾊﾟ,上ケント,,,,,,,,"12,630",0,"12,940",0,0,0,0
王子製紙,模造,0,0,0,0,0,0,0,0,0,0,0,0,0,0
王子ｸﾞﾘｰﾝﾘｿｰｽ,上白,0,0,0,0,0,0,0,0,0,0,0,0,0,0
王子マテリア,上白,0,0,0,0,0,0,0,0,0,0,"11,650",0,0,0
王子マテリア,白アート,,"12,660",0,0,0,0,0,0,0,0,0,0,0,0
阪和興業,袋茶,0,"12,050",0,0,"11,650",0,"10,130",0,0,0,0,"10,700",0,0
大津板紙（JOP),袋茶,0,0,0,0,0,0,0,0,0,0,0,0,0,0
鶴見製紙,機密書類,0,"3,110",0,0,0,0,"2,240",0,0,0,"2,860","1,730","2,290","2,290"
ﾘﾝｸｺｰﾎﾟﾚｰｼｮﾝ,ウエス,0,"1,600","2,720",0,"4,530","2,140","2,540","2,510","2,340","2,060","1,930","2,610","1,770","1,770"
富商,ウエス,"8,970","3,920","3,810","4,150","1,600","4,520","3,490","3,810","4,220","1,690","3,450","4,430","6,060","-2,910"
ベストトレーディング,ウエス,690,0,0,0,0,0,0,920,0,0,0,830,0,-690
大西金属,アルミ缶,0,0,0,0,0,0,0,0,0,0,0,0,0,0
レックス,難処理古紙,0,"13,260",0,0,"12,680",0,0,0,0,0,0,0,0,0
シブヤ,鉄くず,0,0,0,0,0,0,0,"1,240","1,130",0,0,0,0,0
富士里和製紙,上ケント,0,0,0,0,0,0,0,0,0,0,0,0,0,0
新橋製紙,上ケント,0,0,0,0,0,0,0,0,0,0,"27,310","13,310","24,190","24,190"
太洋紙業,上ケントS,,,,,"11,950","12,570","12,910",0,"12,910",0,0,0,0,0
田丸,ペットボトル,"3,890","7,940","5,850","7,070","6,030","5,710","4,620",0,"6,140","5,500","6,000","7,280",0,"-3,890"
岩本商店,残紙,"3,040","3,160","6,340","9,430","3,160","3,120","2,970","6,200","6,480","2,960","3,160","6,190","6,020","2,980"
北陸ｺｰﾎﾟﾚｰｼｮﾝ/市川工場,上台紙,0,0,0,0,0,0,0,0,0,0,0,0,0,0
新生紙パルプ/山恭製紙,上台紙,,,,,,,,,,,"24,980","11,670","12,880","12,880"
イデサンコー,上ケント,0,0,0,0,0,0,0,0,0,0,0,0,0,0
丸富製紙,上ケント,0,0,0,0,0,0,0,0,0,0,0,0,0,0
坪野谷商事（タチオカ商会）,アルミ缶,"2,950","1,180","1,300","1,310","1,150","1,240",380,0,0,0,0,0,0,"-2,950"
坪野谷商事（シブヤ）,鉄くず,"1,450",940,"1,000",850,730,"1,030",990,0,0,840,"1,330",0,"1,760",310
坪野谷商事（鉄、非鉄）,アルミ缶,,,,,,,,,,,,"2,500",0,0
国内合計,,"248,000","265,490","180,840","181,830","139,860","201,660","189,060","180,080","154,630","123,780","237,420","179,220","185,260","-62,740"
,,,,,,,,,,,,,,,
その他出荷合計,,#REF!,"248,000","265,490","180,840","241,940","180,240","341,170","189,060","258,280","224,150","123,780","351,190","257,200","-23,730"
,,,,,,,,,,,,,,,
出荷総合計,,#REF!,"1,946,670","1,691,880","1,559,000","1,289,890","1,592,970","1,749,620","1,398,100","1,613,510","1,600,880","1,256,480","1,796,010","1,617,380","-399,610"
,,,,,,,,,,,,,,,
,,,,,,,,,,,,,,,
,,,,,,,,,,,,,,,
,,,,,,,,,,,,,,,
,,,,,,,,,,,,,,,
,,,,,,,,,,,,,,,
,,,,,,,,,,,,,,,
,,,,,,,,,,,,,,,
,,,,,,,,,,,,,,,
,,,,,,,,,,,,,,,
,,,,,,,,,,,,,,,
,,,,,,,,,,,,,,,
,,,,,,,,,,,,,,,
,,,,,,,,,,,,,,,
,,,,,,,,,,,,,,,
,,,,,,,,,,,,,,,
,,,,,,,,,,,,,,,
,,,,,,,,,,,,,,,
,,,,,,,,,,,,,,,
,,,,,,,,,,,,,,,
,,,,,,,,,,,,,,,
,,,,,,,,,,,,,,,
,,,,,,,,,,,,,,,
,,,,,,,,,,,,,,,
,,,,,,,,,,,,,,,
,,,,,,,,,,,,,,,
,,,,,,,,,,,,,,,
,,,,,,,,,,,,,,,
,,,,,,,,,,,,,,,
,,,,,,,,,,,,,,,
,,,,,,,,,,,,,,,
,,,,,,,,,,,,,,,
,,,,,,,,,,,,,,,
,,,,,,,,,,,,,,,
,,,,,,,,,,,,,,,
,,,,,,,,,,,,,,,
,,,,,,,,,,,,,,,
,,,,,,,,,,,,,,,
,,,,,,,,,,,,,,,
,,,,,,,,,,,,,,,
,,,,,,,,,,,,,,,
,,,,,,,,,,,,,,,
,,,,,,,,,,,,,,,
,,,,,,,,,,,,,,,
,,,,,,,,,,,,,,,
,,,,,,,,,,,,,,,
,,,,,,,,,,,,,,,
,,,,,,,,,,,,,,,
,,,,,,,,,,,,,,,
,,,,,,,,,,,,,,,
,,,,,,,,,,,,,,,
,,,,,,,,,,,,,,,
,,,,,,,,,,,,,,,
,,,,,,,,,,,,,,,
,,,,,,,,,,,,,,,
,,,,,,,,,,,,,,,
,,,,,,,,,,,,,,,
,,,,,,,,,,,,,,,
,,,,,,,,,,,,,,,
,,,,,,,,,,,,,,,
,,,,,,,,,,,,,,,
,,,,,,,,,,,,,,,
,,,,,,,,,,,,,,,
,,,,,,,,,,,,,,,
,,,,,,,,,,,,,,,
,,,,,,,,,,,,,,,
,,,,,,,,,,,,,,,
,,,,,,,,,,,,,,,
,,,,,,,,,,,,,,,
,,,,,,,,,,,,,,,
,,,,,,,,,,,,,,,
,,,,,,,,,,,,,,,
,,,,,,,,,,,,,,,
,,,,,,,,,,,,,,,
,,,,,,,,,,,,,,,
,,,,,,,,,,,,,,,
,,,,,,,,,,,,,,,
,,,,,,,,,,,,,,,
,,,,,,,,,,,,,,,
,,,,,,,,,,,,,,,
,,,,,,,,,,,,,,,
,,,,,,,,,,,,,,,
,,,,,,,,,,,,,,,
,,,,,,,,,,,,,,,
,,,,,,,,,,,,,,,
,,,,,,,,,,,,,,,
,,,,,,,,,,,,,,,
,,,,,,,,,,,,,,,
,,,,,,,,,,,,,,,
,,,,,,,,,,,,,,,
,,,,,,,,,,,,,,,
,,,,,,,,,,,,,,,
,,,,,,,,,,,,,,,
,,,,,,,,,,,,,,,
,,,,,,,,,,,,,,,
,,,,,,,,,,,,,,,
,,,,,,,,,,,,,,,
,,,,,,,,,,,,,,,
,,,,,,,,,,,,,,,
,,,,,,,,,,,,,,,
,,,,,,,,,,,,,,,
,,,,,,,,,,,,,,,
,,,,,,,,,,,,,,,
,,,,,,,,,,,,,,,
,,,,,,,,,,,,,,,
,,,,,,,,,,,,,,,
,,,,,,,,,,,,,,,
,,,,,,,,,,,,,,,
,,,,,,,,,,,,,,,
,,,,,,,,,,,,,,,
,,,,,,,,,,,,,,,
,,,,,,,,,,,,,,,
,,,,,,,,,,,,,,,
,,,,,,,,,,,,,,,
,,,,,,,,,,,,,,,
,,,,,,,,,,,,,,,
,,,,,,,,,,,,,,,
,,,,,,,,,,,,,,,
,,,,,,,,,,,,,,,
,,,,,,,,,,,,,,,
,,,,,,,,,,,,,,,
,,,,,,,,,,,,,,,
,,,,,,,,,,,,,,,
,,,,,,,,,,,,,,,
,,,,,,,,,,,,,,,
,,,,,,,,,,,,,,,
,,,,,,,,,,,,,,,
,,,,,,,,,,,,,,,
,,,,,,,,,,,,,,,
,,,,,,,,,,,,,,,
,,,,,,,,,,,,,,,
,,,,,,,,,,,,,,,
,,,,,,,,,,,,,,,
,,,,,,,,,,,,,,,
,,,,,,,,,,,,,,,
,,,,,,,,,,,,,,,
,,,,,,,,,,,,,,,
,,,,,,,,,,,,,,,
,,,,,,,,,,,,,,,
,,,,,,,,,,,,,,,
,,,,,,,,,,,,,,,
,,,,,,,,,,,,,,,
,,,,,,,,,,,,,,,
,,,,,,,,,,,,,,,
,,,,,,,,,,,,,,,
,,,,,,,,,,,,,,,
,,,,,,,,,,,,,,,
,,,,,,,,,,,,,,,
,,,,,,,,,,,,,,,
,,,,,,,,,,,,,,,
,,,,,,,,,,,,,,,
,,,,,,,,,,,,,,,
,,,,,,,,,,,,,,,
,,,,,,,,,,,,,,,
,,,,,,,,,,,,,,,
,,,,,,,,,,,,,,,
,,,,,,,,,,,,,,,
,,,,,,,,,,,,,,,
,,,,,,,,,,,,,,,
,,,,,,,,,,,,,,,
,,,,,,,,,,,,,,,
,,,,,,,,,,,,,,,
,,,,,,,,,,,,,,,
,,,,,,,,,,,,,,,
,,,,,,,,,,,,,,,
,,,,,,,,,,,,,,,
,,,,,,,,,,,,,,,
,,,,,,,,,,,,,,,
,,,,,,,,,,,,,,,
,,,,,,,,,,,,,,,
,,,,,,,,,,,,,,,
,,,,,,,,,,,,,,,
,,,,,,,,,,,,,,,
,,,,,,,,,,,,,,,
,,,,,,,,,,,,,,,
,,,,,,,,,,,,,,,
,,,,,,,,,,,,,,,
,,,,,,,,,,,,,,,
,,,,,,,,,,,,,,,
,,,,,,,,,,,,,,,
,,,,,,,,,,,,,,,
,,,,,,,,,,,,,,,
,,,,,,,,,,,,,,,
,,,,,,,,,,,,,,,
,,,,,,,,,,,,,,,
,,,,,,,,,,,,,,,
,,,,,,,,,,,,,,,
,,,,,,,,,,,,,,,
,,,,,,,,,,,,,,,
,,,,,,,,,,,,,,,
,,,,,,,,,,,,,,,
,,,,,,,,,,,,,,,
,,,,,,,,,,,,,,,
,,,,,,,,,,,,,,,
,,,,,,,,,,,,,,,
,,,,,,,,,,,,,,,
,,,,,,,,,,,,,,,
,,,,,,,,,,,,,,,
,,,,,,,,,,,,,,,
,,,,,,,,,,,,,,,
,,,,,,,,,,,,,,,
,,,,,,,,,,,,,,,
,,,,,,,,,,,,,,,
,,,,,,,,,,,,,,,
,,,,,,,,,,,,,,,
,,,,,,,,,,,,,,,
,,,,,,,,,,,,,,,
,,,,,,,,,,,,,,,
,,,,,,,,,,,,,,,
,,,,,,,,,,,,,,,
,,,,,,,,,,,,,,,
,,,,,,,,,,,,,,,
,,,,,,,,,,,,,,,
,,,,,,,,,,,,,,,
,,,,,,,,,,,,,,,
,,,,,,,,,,,,,,,
,,,,,,,,,,,,,,,
,,,,,,,,,,,,,,,
,,,,,,,,,,,,,,,
,,,,,,,,,,,,,,,
,,,,,,,,,,,,,,,
,,,,,,,,,,,,,,,
,,,,,,,,,,,,,,,
,,,,,,,,,,,,,,,
,,,,,,,,,,,,,,,
,,,,,,,,,,,,,,,
,,,,,,,,,,,,,,,
,,,,,,,,,,,,,,,
,,,,,,,,,,,,,,,
,,,,,,,,,,,,,,,
,,,,,,,,,,,,,,,
,,,,,,,,,,,,,,,
,,,,,,,,,,,,,,,
,,,,,,,,,,,,,,,
,,,,,,,,,,,,,,,
,,,,,,,,,,,,,,,
,,,,,,,,,,,,,,,
,,,,,,,,,,,,,,,
,,,,,,,,,,,,,,,
,,,,,,,,,,,,,,,
,,,,,,,,,,,,,,,
,,,,,,,,,,,,,,,
,,,,,,,,,,,,,,,
,,,,,,,,,,,,,,,
,,,,,,,,,,,,,,,
,,,,,,,,,,,,,,,
,,,,,,,,,,,,,,,
,,,,,,,,,,,,,,,
,,,,,,,,,,,,,,,
,,,,,,,,,,,,,,,
,,,,,,,,,,,,,,,
,,,,,,,,,,,,,,,
,,,,,,,,,,,,,,,
,,,,,,,,,,,,,,,
,,,,,,,,,,,,,,,
,,,,,,,,,,,,,,,
,,,,,,,,,,,,,,,
,,,,,,,,,,,,,,,
,,,,,,,,,,,,,,,
,,,,,,,,,,,,,,,
,,,,,,,,,,,,,,,
,,,,,,,,,,,,,,,
,,,,,,,,,,,,,,,
,,,,,,,,,,,,,,,
,,,,,,,,,,,,,,,
,,,,,,,,,,,,,,,
,,,,,,,,,,,,,,,
,,,,,,,,,,,,,,,
,,,,,,,,,,,,,,,
,,,,,,,,,,,,,,,
,,,,,,,,,,,,,,,
,,,,,,,,,,,,,,,
,,,,,,,,,,,,,,,
,,,,,,,,,,,,,,,
,,,,,,,,,,,,,,,
,,,,,,,,,,,,,,,
,,,,,,,,,,,,,,,
,,,,,,,,,,,,,,,
,,,,,,,,,,,,,,,
,,,,,,,,,,,,,,,
,,,,,,,,,,,,,,,
,,,,,,,,,,,,,,,
,,,,,,,,,,,,,,,
,,,,,,,,,,,,,,,
