,,,5月,,,,,,,,,,,,,,,,,,,,,,,,,,,,,,,,,,,,,
管理会社,客先名称,運搬業者,品名,,1(金),2(土),3(日),4(月),5(火),6(水),7(木),8(金),9(土),10(日),11(月),12(火),13(水),14(木),15(金),16(土),17(日),18(月),19(火),20(水),21(木),22(金),23(土),24(日),25(月),26(火),27(水),28(木),29(金),30(土),31(日),合計,,,,
段ボール-持込み,,,,,,,,,,,,,,,,,,,,,,,,,,,,,,,,,,,,,,①段ボール,,
,タチオカ商会,,段ボール・バラ,持込,"2,310",500,400,"3,110","3,290","4,510","5,190","3,570",440,180,"4,260","5,180","6,080","5,190",3890,500,200,"4,310","3,710","3,700","2,670","2,940",670,230,2960,"4,370","4,210","2,510",590,430,230,"82,330",,1.持込み・バラ,,
,青木商店,,段ボール・バラ,持込,710,710,,,,,650,520,,,550,470,"1,960","1,960",,,,"1,040",,,820,,,,"1,540",,,720,,"1,100",,"12,750",,タチオカ商会,,"82,330"
,シブヤ,,段ボール・バラ,持込,,,,,,,,,,,,,,,,,,,,,,,,,,,,"3,370",,,,"3,370",,青木商店,,"12,750"
,IWD,,段ボール・バラ,持込,"3,600","4,490",,,,,"4,060","4,260","4,160",,"2,620","6,110",,"2,600",,"3,870",,"5,630","3,940",,,,,,,,,,"6,020",,,"51,360",,IWD,,"51,360"
,カナキン,,段ボール・バラ,持込,,,,,,,,,,,,,,,,,,170,,,,,,,,,,,,270,,440,,カナキン,,440
,浅見運輸倉庫,,段ボール・バラ,持込,,,,,,,610,,,,,,,,,,,,,,,,,,,,,,,,,610,,浅見運輸倉庫,,610
,ダイコー商事,,段ボール・バラ,持込,600,,,,,,430,450,,,,,,,320,,,,,,750,260,,,,450,100,370,430,,,"4,160",,ダイコー商事,,"4,160"
,旭満,,段ボール・バラ,持込,"1,630",,,610,330,370,"1,560","1,490",,,"2,530",420,"2,340",570,"1,590",,,,"2,400",,270,"1,540",,,660,730,"1,270",110,"3,100",,,"23,520",,旭満,,"23,520"
,大伊豆,,段ボール・バラ,持込,,,,,,,,,,,,,,260,,,,,,,,440,,,,,,,,,,700,,対馬商店,,"16,630"
,対馬商店,,段ボール・バラ,持込,,,,420,410,600,"1,100",,,,"1,110",720,"1,020","2,000",410,,,580,,970,"2,240","1,050",,,310,140,"1,000","1,930",620,,,"16,630",,アオイ,,"4,550"
,アオイ,,段ボール・バラ,持込,,,,700,,,,,,,,,990,,,,,,,920,,880,,,,,"1,060",,,,,"4,550",,湘南（上田商店）,,"45,360"
,湘南,,段ボール・バラ,持込,,,,,,,,,,,,,,,,,,,,,,,,,,,,,,,,0,,湘南リユース,,"1,680"
,上田商店,,段ボール・バラ,持込,"1,830","1,670","1,410","1,510","1,580","1,190","1,320","1,640","1,440","1,320","1,550","1,600","1,370","1,220","1,440","1,590","1,290","1,630","1,520","1,470","1,380","1,400","1,550","1,430","1,630","1,600","1,390","1,300","1,310","1,540","1,240","45,360",,中央カンセー,,"2,830"
,湘南リユース,,段ボール・バラ,持込,,,,,,,,,,,190,490,,,,30,,280,,200,,170,,,,260,,60,,,,"1,680",,サンクリーン,,970
,中央カンセー,,段ボール・バラ,持込,700,,,,,,,410,,,,,,,650,,,,,,,500,,,,,,,570,,,"2,830",,神奈中商事,,"27,440"
,サンクリーン,,段ボール・バラ,持込,,,,,220,,,,,,,370,,,,,,,380,,,,,,,,,,,,,970,,関東ダイレクトサービス,,"4,950"
,キョウセイ環境,,段ボール・バラ,持込,,,,,,,,,,,,,,,,,,,,,,,,,,,,,,,,0,,共栄商社,,"11,190"
,三星産業,,段ボール・バラ,持込,,,,,,,,,,,,,,,,,,,,,,,,,,"1,180",,,,,,"1,180",,ティーエスエンバイロ,,"1,260"
,平塚環興,,段ボール・バラ,持込,,,,,,,,,,,,,,,,,,,,,,,,,,,,,,,,0,,厚木市資源再生センター,,"9,090"
,アイダスト,,段ボール・バラ,持込,,,,,,,,,,,,,,,,,,,,,,,,,,,,,,,,0,,アイダスト,,0
,神奈中商事,,段ボール・バラ,持込,"1,200",540,,"1,190",790,"1,080",650,"1,310",520,,"1,050","1,750","1,290","1,030","1,120",540,,"1,220","1,420","1,300","1,220","1,100",510,,"1,100","1,570","1,260","1,020","1,160",500,,"27,440",,クリーンサービス,,"21,610"
,関東ダイレクトサービス,,段ボール・バラ,持込,800,320,,,210,670,,,230,,,,500,,240,270,,,,300,,600,440,,90,,280,,,,,"4,950",,アクト・エア,,0
,アートモータース,,段ボール・バラ,持込,,,,,,,,,,,,,,,,,,,,,,,,,,,,,,,,0,,北湘ヴィークル,,"26,030"
,共栄商社,,段ボール・バラ,持込,,100,,,,,,,80,,,,,,,70,,,,,,,70,,,,,,,100,,420,,セクメット,,"15,310"
,共栄商社（ｺｶｺｰﾗほか）,,段ボール・バラ,持込,,"1,180",950,,,,,,"1,310","1,380",,,,,,"1,290","1,540",,,,,,860,950,,,,,,980,330,"10,770",,清水商店,,"4,830"
,コイデ解体,,段ボール・バラ,持込,,,,,,,,,,,,,,,,,,,,,,,,,,,,,,,,0,,旭商会,,760
,マルフジ,,段ボール・バラ,持込,,,,,,,,,,,,,,,,,,,,,,,,,,,,,,,,0,,未竜運輸,,"1,510"
,ティーエスエンバイロ,,段ボール・バラ,持込,,,,,,,320,,,,,,,290,,,,,,,340,,,,,,,310,,,,"1,260",,そのた,,"16,850"
資源再生,長澤商事,,段ボール・バラ,持込,,,,,,"1,270",,,,,,,"1,520",,,,,,,"1,410",,,,,,,"1,300",,,,,"5,500",,持込み・バラ合計,,"388,020"
資源再生,北藤商店,,段ボール・バラ,持込,,,,,,960,,,,,,,920,,,,,,,950,,,,,,,760,,,,,"3,590",,,,
,ふたば宅建,,段ボール・バラ,持込,,,,,,,,,,,,,,,,,,,,,,,,,,,,,,,,0,,,,
,鏡紙業,,段ボール・バラ,持込,,,,,,,,,,,,,,,,,,,,,,,,,,,,,,,,0,,,,
,セクメット,,段ボール・バラ,持込,"1,000",100,,100,800,300,280,800,600,,450,"1,000",600,830,800,400,,490,700,300,780,700,100,,640,"1,000",400,640,900,600,,"15,310",,,,
,クリーンサービス,,段ボール・バラ,持込,930,560,,"1,280",620,390,650,880,620,,490,840,"1,010",610,840,640,,550,840,"1,090","1,230",920,720,,"1,260",820,"1,070","1,180",940,630,,"21,610",,,,
,アクト・エア,,段ボール・バラ,持込,,,,,,,,,,,,,,,,,,,,,,,,,,,,,,,,0,,,,
,シェーネプリント,,段ボール・バラ,持込,,,,,,,,,,,,,,,,,,,,,,,,,,,,,,,,0,,,,
,大橋さん,,段ボール・バラ,持込,,,,,,,,,,,,,,,,,,,,,,,,,,,,,,,,0,,,,
,アンビエンテ,,段ボール・バラ,持込,720,,,,820,,,550,,,,,"1,030",,440,,,310,510,,,520,,,,510,,,610,,200,"6,220",,,,
,北湘ヴィークル,,段ボール・バラ,持込,"1,270",460,,820,730,610,"1,920","1,000",600,,570,"1,350",730,"1,430",1430,580,,540,"1,550","1,050","1,060","1,130",730,,570,"1,230","1,120","1,230","1,680",640,,"26,030",,,,
,清水商店,,段ボール・バラ,持込,,,,,,,,380,,,,450,,,630,,,460,480,,610,,,,520,,640,,560,100,,"4,830",,,,
,紙商,,段ボール・バラ,持込,,,,,,,,,,,,40,,,,,,,,,,,,,,,,,,,,40,,,,
,旭商会,,段ボール・バラ,持込,,,,,,,,760,,,,,,,,,,,,,,,,,,,,,,,,760,,,,
,エコキューブ,,段ボール・バラ,持込,,,,,,,,,,,,,,,,,,,,,,,,,,,,,,,,0,,,,
,未竜運輸,,段ボール・バラ,持込,,60,,,,,180,160,30,,,200,,50,,,,,190,130,90,,70,,,230,,40,,80,,"1,510",,,,
,中村伸行,,段ボール・バラ,持込,,,,,,,,,,,,,,,,,,,,,,,,,,,,,,,,0,,,,
,U-NET,,段ボール・バラ,持込,,,,,,,,,,,,,,,,,,,,,,,,,,,,,,,,0,,,,
,不用品買取センター,,段ボール・バラ,持込,170,,,,,,,,180,,,,,70,,,,,,80,,,,,,,140,,,,,640,,,,
,三凌商事,,段ボール・バラ,持込,,,,,,,,1230,,,,,340,,,,,,,580,,,,,,"1,310",,,,,,"3,460",,,,
,相内寿隆,,段ボール・バラ,持込,,,,,,,,,,,,,,,,,,,,,,,,,,,,,,,,0,,,,
,真栄,,段ボール・バラ,持込,,,,,,,,,,,,,,,,,,,,,,,,,,510,,,730,,,"1,240",,,,
,,,,,,,,,,,,,,,,,,,,,,,,,,,,,,,,,,,,,,,,
,持込みダンボール合計,,,,"17,470","10,690","2,760","9,740","9,800","11,950","18,920","19,410","10,210","2,880","15,370","20,990","21,700","18,110","13,800","9,780","3,030","17,210","17,640","14,450","13,460","14,150","5,720","2,610","11,280","15,910","16,000","14,790","19,220","6,970","2,000","388,020",,,,
,,,,,,,,,,,,,,,,,,,,,,,,,,,,,,,,,,,,,,,,
段ボール-自社回収,,,,,,,,,,,,,,,,,,,,,,,,,,,,,,,,,,,,,,2.引取り・バラ,,
,坂田亮作商店,,段ボール・バラ,引取,,,,,,,,,,,,,,,,,,,,"2,250","3,390",,,,,,,,,,,"5,640",,坂田亮作商店,,"5,640"
JSR,デジタルプロセス,,段ボール・バラ,引取,,,,,,,,,,,,,,,,,,,,,,,,,,,,,,,,0,,JSRネット（富士通関連）,,0
JSR,富士通ネットワークS,,段ボール・バラ,引取,,,,,,,,,,,,,,,,,,,,,,,,,,,,,,,,0,,ｸﾘｰﾝｻｰﾋﾞｽ（ﾀｷﾛﾝほか),,"3,170"
JSR,富士通　神奈川支社,,段ボール・バラ,引取,,,,,,,,,,,,,,,,,,,,,,,,,,,,,,,,0,,山櫻,,"4,840"
ｸﾘｰﾝｻｰﾋﾞｽ,タキロンシーアイ,,段ボール・バラ,引取,,,,,,,,,,,,200,,250,,,,,730,,400,,,,,960,,410,,,,"2,950",,コトブキパック,,340
,山櫻,,段ボール・バラ,引取,890,,,,,,60,280,,,280,250,140,140,140,,,410,320,180,280,,,,310,300,420,260,180,,,"4,840",,ニッポンロジ株式会社,,0
,ニッポンロジ株式会社,,段ボール・バラ,引取,,,,,,,,,,,,,,,,,,,,,,,,,,,,,,,,0,,ﾎﾟｼﾞﾃｨﾌﾞ（富士ﾛｼﾞ関連,,"71,650"
,石田製作所,,段ボール・バラ,引取,,,,,,,,,,,,,,,,,,,,,,,,,,,,,,,,0,,DSP（ピアノ運送ほか）,,"26,210"
,丸駒運輸,,段ボール・バラ,引取,,,,,,,20,,,,,,,30,,,,,,,100,,,,,,,150,,,,300,,田丸（エスポットほか）,,"18,080"
,旭運送,,段ボール・バラ,引取,,,,,,,10,,,,,,,10,,,,,,,10,,,,,,,10,,,,40,,アークル,,"3,890"
,サンライズ,,段ボール・バラ,引取,,,,,,,,,,,,,,,,,,,,,,,,,,,,,,,,0,,アート引越センター,,"2,600"
,ロジスティクス・ネットワーク,,段ボール・バラ,引取,,,,,,,20,,,,,,,40,,,,,,,50,,,,,,,40,,,,150,,アオイ（富士電線）,,660
,サンインテルネット,,段ボール・バラ,引取,,,,,,,,,,,,,,,,,,,,,,,,,,,,,,,,0,,ナカダイ（東京冷機ほか）,,480
ﾎﾟｼﾞﾃｨﾌﾞ,富士ロジテック長沼,,段ボール・バラ,引取,300,,,,,,,,,,40,10,,,160,,,,,40,,60,,,,10,150,,110,,,880,,丸紅（不二家）,,"5,850"
ﾎﾟｼﾞﾃｨﾌﾞ,富士ロジテック横浜町田,,段ボール・バラ,引取,560,,,300,,200,,300,,,700,,450,,510,,,610,,320,,300,,,640,,510,,100,,,"5,500",,高山常温一括センター,,"40,540"
ﾎﾟｼﾞﾃｨﾌﾞ,富士ロジテック金田,,段ボール・バラ,引取,"1,090",,,,620,110,270,710,,,520,570,410,350,800,,,450,250,530,200,500,,,550,240,380,320,530,,,"9,400",,大本紙料（クリエイトほか）,,"27,590"
ﾎﾟｼﾞﾃｨﾌﾞ,富士ロジテック東名厚木,,段ボール・バラ,引取,950,,,,,280,,630,,,280,,340,,"1,010",,,590,,620,,820,,,480,,540,,820,,,"7,360",,共栄商社（ストリックスほか）,,"4,970"
ﾎﾟｼﾞﾃｨﾌﾞ,富士ロジテック三田第2ﾛｼﾞｽﾃｨｯｸ,,段ボール・バラ,引取,,,,,360,,,20,,,200,400,750,10,200,,,"1,000",380,850,530,500,,,980,300,120,250,740,,,"7,590",,そのた,,"27,110"
ﾎﾟｼﾞﾃｨﾌﾞ,ﾁｸﾌﾞﾊﾟｯｹｰｼﾞ上溝,,段ボール・バラ,引取,580,,,,,,370,130,,,"1,130","2,230","2,280","1,590","1,280",,,"2,400",900,"1,380",560,"2,150",,,"2,250","1,530","1,990","1,380","1,790",,,"25,920",,引取り・バラ合計,,"243,620"
ﾎﾟｼﾞﾃｨﾌﾞ,ﾁｸﾌﾞﾊﾟｯｹｰｼﾞ上溝,,臭い付・バラ,引取,40,,,,,,100,240,,,,,700,80,,,,,80,40,30,120,,,180,80,30,240,,,,"1,960",,,,
ﾎﾟｼﾞﾃｨﾌﾞ,ﾁｸﾌﾞﾊﾟｯｹｰｼﾞ上依知,,段ボール・バラ,引取,,,,,,,,,,,,250,,,,,,,60,,,,,,,60,,,,,,370,,,,
ﾎﾟｼﾞﾃｨﾌﾞ,ﾁｸﾌﾞﾊﾟｯｹｰｼﾞ上依知,,臭い付・バラ,引取,,,,,,,,,,,,300,,,,,,,50,,,,,,,80,,,,,,430,,,,
ﾎﾟｼﾞﾃｨﾌﾞ,三井倉庫ロジスティクス,,段ボール・バラ,引取,,790,,,550,,850,,850,,,620,,"1,090",,"1,310",,,950,,"1,140",,"1,060",,,720,,980,,"1,330",,"12,240",,,,
ﾎﾟｼﾞﾃｨﾌﾞ,シャープジャスダロジスティクス,,段ボール・バラ,引取,,,,,,,,,,,,,,,,,,,,,,,,,,,,,,,,0,,,,
ﾎﾟｼﾞﾃｨﾌﾞ,ハートロジスティクス,,段ボール・バラ,引取,,,,,,,,,,,,,,,,,,,,,,,,,,,,,,,,0,,,,
DSP,広陽,,段ボール・バラ,引取,,,,,,,,,,,100,,,,,,,,,,,,,,,,,,,,,100,,,,
DSP,本間ゴルフ,,段ボール・バラ,引取,,,,20,,,,,,,30,,,,,,,10,,,,,,,10,,,,,,,70,,,,
DSP,ユニマットレンタル藤沢,,段ボール・バラ,引取,,,,,,,,,,,50,,,,,,,,,,,,,,10,,,,,,,60,,,,
DSP,カンナミアクア,,段ボール・バラ,引取,,,,,,,,,,,50,,,,,,,10,,,,,,,10,,,,,,,70,,,,
DSP,ユニマットレンタル厚木,,段ボール・バラ,引取,10,,,,,,,10,,,,,,,40,,,20,,,,100,,,,,,,20,,,200,,,,
DSP,ユニマットライフ厚木,,段ボール・バラ,引取,180,,,,,,,140,,,50,,100,,100,,,50,,100,,90,,,100,,220,,300,,,"1,430",,,,
DSP,ピアノ運送厚木共配,,段ボール・バラ,引取,730,,,,,,,250,,,,,,,80,,,,,,,240,,,,,,,410,,,"1,710",,,,
DSP,クリナップ南関東,,段ボール・バラ,引取,10,,,,,,,20,,,,50,,,120,,,,30,,,50,,,,30,,,80,,,390,,,,
DSP,有隣堂,,段ボール・バラ,引取,60,,,,,,,60,,,,80,,,50,,,,60,,,70,,,,40,,,60,,,480,,,,
DSP,東京スチールセンター,,段ボール・バラ,引取,,,,,,,,,,,,,,,,,,320,,,,,,,,,,,,,,320,,,,
DSP,小山,,段ボール・バラ,引取,30,,,,,,,50,,,50,,180,,30,,,50,,30,,40,,,20,,30,,30,,,540,,,,
DSP,西多摩運送(株),,段ボール・バラ,引取,,300,,,,,,,200,,,,,,,130,,,,,,,200,,,,,,,160,,990,,,,
DSP,ブリヂストン横浜工場,,段ボール・バラ,引取,,,,,,,120,,,,,260,,460,,,,,360,,160,,,,,230,,130,,,,"1,720",,,,
DSP,鴻池運輸㈱,,段ボール・バラ,引取,,,,,,,850,,,,,,,"2,210",,,,,,,"1,860",,,,,,,"2,110",,,,"7,030",,,,
DSP,小田原市立病院,,段ボール・バラ,引取,,,,,,,,,,,,,,,,,,,,,,,,,,,,,,,,0,,,,
DSP,エディスタ,,段ボール・バラ,引取,,,,,,,30,,,,70,,,150,,,,50,,,160,,,,50,,,190,,,,700,,,,
DSP,小山(株)戸塚事業所,,段ボール・バラ,引取,,,,,,,,,,,,200,,,,,,,150,,,,,,,70,,,,,,420,,,,
DSP,陸上自衛隊久里浜駐屯地,,段ボール・バラ,引取,,,,,,,,,,,,,490,,,,,,,,,,,,,,700,,,,,"1,190",,,,
DSP,ダブサーフィングウェットスーツ,,段ボール・バラ,引取,,,,,,,,,,,,20,,,,,,,20,,,,,,,20,,,,,,60,,,,
DSP,武部鉄工所,,段ボール・バラ,引取,,,,,,,,180,,,,60,,,110,,,,50,,,50,,,,70,,,70,,,590,,,,
DSP,リバークレイン,,段ボール・バラ,引取,100,,,,,,660,350,,,480,280,440,400,200,,,450,250,320,220,380,,,600,100,330,240,280,,,"6,080",,,,
DSP,相模原・多摩PF,,段ボール・バラ,引取,,,,,,,20,,,,,,,10,,,,,,,20,,,,,,,20,,,,70,,,,
DSP,E.F.C,,段ボール・バラ,引取,,,,,,30,,,,,,,,,,,,,,10,,,,,,,,,,,,40,,,,
DSP,マルナカ,,段ボール・バラ,引取,,,,,,,,,,,,30,,,,,,,50,,,,,,,20,,,,,,100,,,,
DSP,英海商事,,段ボール・バラ,引取,,,,,300,,50,,,,,120,,50,,,,,90,,40,,,,,200,,200,,,,"1,050",,,,
DSP,関東セイワ,,段ボール・バラ,引取,,,,,,,,,,,,,,,,,,,,,,,,,,,,,,,,0,,,,
DSP,リライズ,,段ボール・バラ,引取,,,,,,,100,,,,,,,,,,,210,,,,,,,200,,,,,,,510,,,,
DSP,ケイブランド,,段ボール・バラ,引取,30,,,,,,,50,,,,,,,90,,,,,,,40,,,,,,,20,,,230,,,,
DSP,厚木ミクロ,,段ボール・バラ,引取,,,,,,,,,,,20,,,,,,,20,,,,,,,20,,,,,,,60,,,,
田丸,ESPOT バックヤード,,段ボール・バラ,引取,580,,,,,,200,400,,,260,490,570,550,560,,,260,590,460,480,600,,,770,530,580,420,570,,,"8,870",,,,
アオイ,富士電線,,段ボール・バラ,引取,190,,,,,,,20,,,,,,,230,,,,,,,50,,,,,,,170,,,660,,,,
,アークル,,段ボール・バラ,引取,200,180,,,260,,240,100,160,,,160,200,200,150,160,,,190,170,220,220,200,,,180,160,180,180,180,,"3,890",,,,
ｻﾃｨｽﾌｧｸﾄﾘ,早稲田アカデミー,,段ボール・バラ,引取,,,,,,,,,,,,10,,,,,,,10,,,,,,,10,,,,,,30,,,,
ｻﾃｨｽﾌｧｸﾄﾘ,ＬＩＸＩＬ厚木,,段ボール・バラ,引取,,,,,,,,,,,,,,,10,,,,,,,,,,,,,,,,,10,,,,
,セフティ,,段ボール・バラ,引取,,,,,,,,,,,20,,,,,,,,,,,,,,10,,,,,,,30,,,,
ﾋﾞｰﾄﾚｰﾃﾞｨﾝｸﾞ,ビギ,,段ボール・バラ,引取,290,,,,,,130,200,,,80,70,10,40,40,,,100,30,400,100,50,,,100,90,20,30,,,,"1,780",,,,
,カスタム電子,,段ボール・バラ,引取,,,,,,,,,,,,,,,,,,,,,,,,,,,,,,,,0,,,,
大久保,ドラッグセイムス本町田店,,段ボール・バラ,引取,,,,,,,,,,,,,,,,,,,,,,,,,,,,,,,,0,,,,
ナカダイ,東京冷機工業(株)湘南営業所,,段ボール・バラ,引取,,,,,,,,,,,70,,,,,,,10,,,,,,,30,,,,,,,110,,,,
ナカダイ,東京冷機工業(株)相模営業所,,段ボール・バラ,引取,,,,,,,,,,,,,,,,,,,,,,,,,,,,,,,,0,,,,
ナカダイ,東京冷機工業(株)神奈川SS,,段ボール・バラ,引取,,,,,,,,,,,60,,,,,,,20,,,,,,,20,,,,,,,100,,,,
ナカダイ,東京冷機工業(株)厚木,,段ボール・バラ,引取,,,,,,,,,,,,150,,,,,,,,,,,,,,120,,,,,,270,,,,
,コトブキパック,,段ボール・バラ,引取,,,,,,,,,,,,,,,,,,,130,,,,,,120,90,,,,,,340,,,,
,イシダ製作所,,段ボール・バラ,引取,,,,,,,,,,,,,,,,,,,,,,,,,,,,,,,,0,,,,
,関包スチール,,段ボール・バラ,引取,,,,,,,,,,,,,,,,,,,,,,,,,,,,80,,,,80,,,,
,宇都宮螺子株式会社,,段ボール・バラ,引取,,,,,,,,,,,,,,120,,,,,,,40,,,,,,,,,,,160,,,,
ｸﾘｰﾝｻｰﾋﾞｽ,オートバックス伊勢原店,,段ボール・バラ,引取,,50,,,,,,,70,,,,,,,30,,,,,,,30,,,,,,,40,,220,,,,
ｸﾘｰﾝｻｰﾋﾞｽ,サードウェーブ,,段ボール・バラ,引取,,,,,,,,,,,,,,,,,,,,,,,,,,,,,,,,0,,,,
ﾃｨｰｴｽｴﾝﾊﾞｲﾛ,オートバックス座間店,,段ボール・バラ,引取,,,,,,100,,,,,,,100,,,,,,,60,,,,,,,90,,,,,350,,,,
ﾃｨｰｴｽｴﾝﾊﾞｲﾛ,上州屋座間,,段ボール・バラ,引取,,,,,,,,,,,,,,,,,,,,,,,,,,,,,,,,0,,,,
,ジャクソンラボラトリ―ジャパン,,段ボール・バラ,引取,730,,,,,,,,,,,,,,750,,,,,,,,,,,,,,"1,020",,,"2,500",,,,
,山崎歯車,,段ボール・バラ,引取,,,,,,,,,,,,,,,150,,,,,,,,,,,,,,,,,150,,,,
,マルイチ,,段ボール・バラ,引取,,,,,,,,,,,,,,,,,,,,,,,,,,,,,,,,0,,,,
,タキゲン製造,,段ボール・バラ,引取,70,,,,,,,30,,,20,,,,50,,,20,,50,,30,,,20,,30,,50,,,370,,,,
,東日本協同パレット,,段ボール・バラ,引取,20,,,,,,,10,,,,,40,,30,,,,,,,40,,,,,,,20,,,160,,,,
,鍛代商事,,段ボール・バラ,引取,,,,,,,,,,,,,,,,,,,,,,,,,,,,,,,,0,,,,
熊谷組,DPL厚木森の里,,段ボール・バラ,引取,,,,,,,,,,,,,,,,,,,,,,,,,,,,,,,,0,,,,
ﾀﾞｲｺｰ商事,一全,,段ボール・バラ,引取,,40,,,270,,180,80,120,,120,100,30,180,80,190,,280,100,120,250,70,100,,150,,200,260,250,200,,"3,370",,,,
,裕源,,段ボール・バラ,引取,,,,,,,,,,,,,170,,,,,,,150,,,,,,,70,,,,,390,,,,
,ハマキョウレックス,,段ボール・バラ,引取,,,,,,,,,,,,,,,,,,,,,,,,,,,,,,,,0,,,,
カナキン,ヴァレオカペックジャパン,,段ボール・バラ,引取,,,,,,,,,,,,,,,,,,,,,,,,,,,,,,,,0,,,,
,フライスター物流株式会社,,段ボール・バラ,引取,,,,,,,,,,,,,,,,,,,,,,,,,,,,,,,,0,,,,
,(株)大本組,,段ボール・バラ,引取,,,,,,,,,,,,,,,,,,,,,,,,,,,,,,,,0,,,,
,小林運送店平塚営業所,,段ボール・バラ,引取,,,,,,,,,,,,,,,,,,,,,,,,,,,,,,,,0,,,,
セイミツ,セイミツ平塚工場,,段ボール・バラ,引取,,,,,,,,,,,,,,,,,,,,,,,,,,,,,,,,0,,,,
,東京ロジファクトリー,,段ボール・バラ,引取,,450,,,480,,250,,350,,,400,,230,,300,,,290,,280,,380,,,150,,250,,190,,"4,000",,,,
,ユアサ・フナショク,,段ボール・バラ,引取,,,,,,,,,,,,,,,,,,,,,,,,,,,,,,,,0,,,,
タチオカ,神奈川ハマタイヤ,,段ボール・バラ,引取,,,,,,,,,,,,,,,,,,,,,,,,,,,,,,,,0,,,,
カナキン,湘南リンテック加工（株）,,段ボール・バラ,引取,,,,,,,310,,,,,180,,,300,,,,,310,,,,,180,,,330,,,,"1,610",,,,
,上神谷運送,,段ボール・バラ,引取,10,,,,,,,30,,,,,,,40,,,,,,,10,,,,,,,10,,,100,,,,
,東方トレーディング,,段ボール・バラ,引取,,,,,,,,,,,,,,,,,,,,,,,,,,,,,,,,0,,,,
丸紅,不二家平塚工場,,段ボール・バラ,引取,,,,,,,390,260,,,370,320,380,500,310,,,360,400,240,270,370,,,500,270,250,480,180,,,"5,850",,,,
,高山 常温一括藤沢センター,,段ボール・バラ,引取,"1,440","1,730",,"1,520","1,560","1,500","1,720",1640,"1,370",,"1,740","1,780","1,600","1,510","1,380","1,440",,"1,400","1,810","1,860","1,370","1,350","1,590",,1510,"1,700","1,520","1,490","1,420","1,590",,"40,540",,,,
,高山東名支店大和センター,,段ボール・バラ,引取,60,,,200,,80,,60,,,90,,60,,70,,,30,,50,,40,,,50,,40,,60,,,890,,,,
大本紙料,ウエルシア相模田名店,,段ボール・バラ,引取,,,,,,,,,,,,,,,,,,,,,,,,,,,,,,,,0,,,,
大本紙料,ウエルシア平塚中原,,段ボール・バラ,引取,120,,,130,,140,,50,,,80,,50,,50,,,140,,80,,100,,,110,,80,,100,,,"1,230",,,,
大本紙料,クリエイトＳＤ平塚中原,,段ボール・バラ,引取,,,,,,,,,,,,,,,,,,,,,,,,,,,,,,,,0,,,,
大本紙料,クリエイトＳＤ平塚長持,,段ボール・バラ,引取,,,,,,,,,,,,,,,,,,,,,,,,,,,,,,,,0,,,,
大本紙料,クリエイトＳＤ相模原当麻,,段ボール・バラ,引取,80,80,,80,30,50,100,160,40,,100,50,70,80,120,30,,110,60,50,50,100,80,,100,40,60,30,50,40,,"1,840",,,,
大本紙料,SBSフレック厚木,,段ボール・バラ,引取,810,860,,"1,130",950,850,810,20,970,,910,820,940,930,800,"1,700",,840,"1,170",950,920,910,890,,920,630,950,"1,320",950,890,,"23,840",,,,
大本紙料,大創産業　神奈川ＲＤＣ,,段ボール・バラ,引取,,,,,,,,,,,,,,,,,,,,,,,,,,,,,,,,0,,,,
大本紙料,資さんうどん倉見,,段ボール・バラ,引取,60,40,,70,,70,,30,20,,70,,30,,30,20,,30,,30,,40,20,,30,,30,,40,20,,680,,,,
共栄商社,ストリックスコンサルティング,,段ボール・バラ,引取,220,120,,250,150,10,50,30,150,,130,100,50,400,320,200,,160,120,130,530,120,180,,200,100,200,280,170,600,,"4,970",,,,
エス・ケイ・ディ,緑ヶ丘団地新築工事,,段ボール・バラ,引取,,,,,,,,,,,,,,,,,,,,,,,,,,,,,,,,0,,,,
大和ハウス,大和ハウス工業・伊勢原,,段ボール・バラ,引取,,,,,,,,,,,,,,,,,,,,,,,,,,,,,,,,0,,,,
大和ハウス,大和ハウス工業・綾瀬,,段ボール・バラ,引取,,,,,,,,,,,,,,,,,,,,,,,,,,,,,,,,0,,,,
,横浜DeNAﾍﾞｲｽﾀｰｽﾞ,,段ボール・バラ,引取,,,,,,,,,,,,,40,,,,,,,150,,,,,,,80,,,,,270,,,,
,小泉機器,,段ボール・バラ,引取,40,,,,,,,10,,,,,,,40,,,,,,,50,,,,,,,30,,,170,,,,
,江南合成,,段ボール・バラ,引取,,,,,,,,,,,,,,,,,,,,,,,,,,,,,,,,0,,,,
,サンエー商会,,段ボール・バラ,引取,,,,,,,,,,,,,,,,,,,,,,,,,,,,,,,,0,,,,
,大貴,,段ボール・バラ,引取,,,,,,,,,,,,,,,,,,,,,,,,,,,,,,,,0,,,,
,厚木市環境センター,,段ボール・バラ,引取,,,,,,,,,,,,,,,,,,,,,,,,,,,,,,,,0,,,,
,江栄,,段ボール・バラ,引取,,,,,,,,,,,,,,,,,,,,,,,,,,,,,,,,0,,,,
,ｱｸﾃｨｵEG横浜営業所,,段ボール・バラ,引取,,,,,,,,,,,30,,,,,,,,,,,,,,,,,,,,,30,,,,
,湘南寝台社,,段ボール・バラ,引取,,,,,,340,,,,,,,,,,200,,,,50,,,,,,,,,40,,,630,,,,
神奈中商事,伊藤ビル,,段ボール・バラ,引取,20,,,,,,,20,,,,30,,,50,,,,40,,,50,,,,20,,,60,,,290,,,,
,HUMAN MADE,,段ボール・バラ,引取,,,,,,,,,,,,,,,,,,,,,,,,,,,,,,,,0,,,,
IWD,オノコム,,段ボール・バラ,引取,,,,,,,,,,,,,,,,,,,,,,,,,,,,,,,,0,,,,
,大貴,,段ボール・バラ,引取,,,,,,,,,,,,,,,,,,,,,,,,,,,,,,,,0,,,,
,トナミ運輸相模支店,,段ボール・バラ,引取,,,,,,,,,,,,,,,,,,,,40,,,,,,,,,,,,40,,,,
,MF物流,,段ボール・バラ,引取,,,,,,,,,,,,,,,,,,,,,,,,,,,,,,,,0,,,,
,TS環境リサイクル,,段ボール・バラ,引取,,,,130,,210,60,50,,,250,,,190,70,,,200,,,320,70,,,350,,,190,70,,,"2,160",,,,
,東京アルファライン相模原,,段ボール・バラ,引取,,,,,,,,,,,,,,,,,,,,,,,,,,,,,,,,0,,,,
,浜田　東京リサイクル,,段ボール・バラ,引取,,,,,,,,,,,,,,,,,,,,,,,,,,,,,,,,0,,,,
,ディーミング,,段ボール・バラ,引取,,,,,,,680,,,,,,,540,,,,180,,,800,,,,970,,,620,,,,"3,790",,,,
,,,,,,,,,,,,,,,,,,,,,,,,,,,,,,,,,,,,,,,,
,自社回収合計,,,,"10,500","4,640",0,"3,830","5,530","3,970","8,650","6,620","4,300",0,"8,450","10,590","10,620","12,340","10,550","5,710",0,"10,790","9,720","12,020","14,780","9,780","4,730",0,"12,550","8,990","9,780","12,890","10,980","5,240",0,"228,550",,,,
,,,,,,,,,,,,,,,,,,,,,,,,,,,,,,,,,,,,,,,,
段ボール-他社回収,,,,,,,,,,,,,,,,,,,,,,,,,,,,,,,,,,,,,,,,
大本紙料,アート引越センター,旭満,段ボール・バラ,引取,320,,,150,,,,250,,,,110,400,,250,,,200,,,,300,,,320,,,,300,,,"2,600",,,,
,旭満（オウルテック）,,段ボール・バラ,引取,100,,,,,,250,,,,,480,,120,,,,,180,,180,,,,,320,,130,,,,"1,760",,,,
田丸,ESPOT バックヤード,鏡紙業,段ボール・バラ,引取,,570,860,,,,,,510,570,,,,,,470,550,,,,,,510,610,,,,,,580,520,"5,750",,,,
田丸,ESPOT バックヤード,アンビエンテ,段ボール・バラ,引取,,,,830,850,"1,780",,,,,,,,,,,,,,,,,,,,,,,,,,"3,460",,,,
DSP,有隣堂,鏡紙業,段ボール・バラ,引取,,,,,,,,,,,,,,,,,,,,,,,,,,,,,,,,0,,,,
ｻﾃｨｽﾌｧｸﾄﾘ,早稲田アカデミー,鏡紙業,段ボール・バラ,引取,,,,,,,,,,,,,,,,,,,,,,,,,,,,,,,,0,,,,
ﾎﾟｼﾞﾃｨﾌﾞ,ALFES,北湘ヴィークル,段ボール・バラ,引取,,100,,100,,100,,,100,,100,,100,,,200,,100,,100,,,100,,100,,100,,,200,,"1,500",,,,
,,,,,,,,,,,,,,,,,,,,,,,,,,,,,,,,,,,,,,,,
,他社回収合計,,,,420,670,860,"1,080",850,"1,880",250,250,610,570,100,590,500,120,250,670,550,300,180,100,180,300,610,610,420,320,100,130,300,780,520,"15,070",,,,
,,,,,,,,,,,,,,,,,,,,,,,,,,,,,,,,,,,,,,,,
,回収合計(自社+他社回収,,,,"10,920","5,310",860,"4,910","6,380","5,850","8,900","6,870","4,910",570,"8,550","11,180","11,120","12,460","10,800","6,380",550,"11,090","9,900","12,120","14,960","10,080","5,340",610,"12,970","9,310","9,880","13,020","11,280","6,020",520,"243,620",,段ボール・バラ合計,,"631,640"
,,,,,,,,,,,,,,,,,,,,,,,,,,,,,,,,,,,,,,,,
,段ボール・バラ合計（持込み+回収,,,,"28,390","16,000","3,620","14,650","16,180","17,800","27,820","26,280","15,120","3,450","23,920","32,170","32,820","30,570","24,600","16,160","3,580","28,300","27,540","26,570","28,420","24,230","11,060","3,220","24,250","25,220","25,880","27,810","30,500","12,990","2,520","631,640",,,,
,,,,,,,,,,,,,,,,,,,,,,,,,,,,,,,,,,,,,,,,
段ボールプレス品,,,,,,,,,,,,,,,,,,,,,,,,,,,,,,,,,,,,,,3.段ボール・プレス,,
,坂田亮作商店,U-NET,段ボール・プレス,引取,"13,680",,,,,,,"26,280",,,"12,610","12,920","13,040","12,920",,,,"13,190","13,400","13,300","13,540","13,080",,,,"12,060","26,190","13,560","13,250",,,"223,020",,坂田亮作商店,ﾀﾞﾝﾎﾞｰﾙ,"223,020"
,坂田亮作商店,U-NET,ﾎﾟﾘﾗﾐ段ボール・プレス,引取,,,,,,,,,,,,,,,,,,,,,,,,,,,,,,,,0,,坂田亮作商店,ﾎﾟﾘﾗﾐﾀﾞﾝﾎﾞｰﾙ,0
,セクメット,,段ボール・プレス,持込,,,,,,,,,,,"3,810",,,,,,,"5,110","2,210",,,"4,890",,,,,"3,660",,,,,"19,680",,セクメット,,"19,680"
,TS環境リサイクル,,段ボール・プレス,持込,,,,,,,,,,,,,,,,,,,,,,,,,,,,,,,,0,,TS環境リサイクル,,0
,大本紙料,,段ボール・プレス,引取,,,,,,,,,,,,,,,,,,,,,,,,,,,,,,,,0,,大本紙料,,0
大本紙料,大創産業　神奈川ＲＤＣ,U-NET,段ボール・プレス,引取,,"13,650",,,,,,,,,,,,,,,,,,,,,,,,,,,,,,"13,650",,大創産業　神奈川ＲＤＣ,,"13,650"
,,,,,,,,,,,,,,,,,,,,,,,,,,,,,,,,,,,,,,そのた,,0
,段ボール・プレス合計,,,,"13,680","13,650",0,0,0,0,0,"26,280",0,0,"16,420","12,920","13,040","12,920",0,0,0,"18,300","15,610","13,300","13,540","17,970",0,0,0,"12,060","29,850","13,560","13,250",0,0,"256,350",,段ボール・プレス合計,,"256,350"
,,,,,,,,,,,,,,,,,,,,,,,,,,,,,,,,,,,,,,,,
,段ボール合計（バラ+プレス,,,,"42,070","29,650","3,620","14,650","16,180","17,800","27,820","52,560","15,120","3,450","40,340","45,090","45,860","43,490","24,600","16,160","3,580","46,600","43,150","39,870","41,960","42,200","11,060","3,220","24,250","37,280","55,730","41,370","43,750",,"2,520","887,990",,段ボール合計,,"887,990"
,,,,,,,,,,,,,,,,,,,,,,,,,,,,,,,,,,,,,,,,
新聞-バラ持込み,,,,,,,,,,,,,,,,,,,,,,,,,,,,,,,,,,,,,,②新聞,,
,ダイコー商事,,新聞・バラ,持込,,,,,,,,,,,,,,,,,,,,,,,,,,,,,,,,0,,1.持込み・バラ,,
,旭満,,新聞・バラ,持込,,,,,,,,,,,,,,,,,,,,,,,,,,,,,,,,0,,タチオカ商会,,"10,660"
,タチオカ商会,,新聞・バラ,持込,160,,,530,540,840,890,580,,,430,470,790,840,580,,,650,190,580,210,360,,,330,410,760,520,,,,"10,660",,厚木市資源再生,,990
,セクメット,,新聞・バラ,持込,,,,,,,,,,,,,,,,,,,,,,,,,,,,,,,,0,,紙商,,"20,440"
,湘南エコサービス,,新聞・バラ,持込,,,,,,,,,,,,,,,,,,,,,,,,,,,,,,,,0,,中村伸行,,0
,対馬商店,,新聞・バラ,持込,,,,,,,,,,,,,,,,,,,,,,,,,,120,,,,,,120,,毎日新聞秦野,,"12,180"
,青木商店,,新聞・バラ,持込,,,,,,,,,,,,,,,,,,,,,,,,,,,,,,,,0,,そのた,,120
,アオイ,,新聞・バラ,持込,,,,,,,,,,,,,,,,,,,,,,,,,,,,,,,,0,,,,"44,390"
,シブヤ,,新聞・バラ,持込,,,,,,,,,,,,,,,,,,,,,,,,,,,,,,,,0,,,,
,湘南,,新聞・バラ,持込,,,,,,,,,,,,,,,,,,,,,,,,,,,,,,,,0,,,,
,中央カンセー,,新聞・バラ,持込,,,,,,,,,,,,,,,,,,,,,,,,,,,,,,,,0,,,,
,湘南リユース,,新聞・バラ,持込,,,,,,,,,,,,,,,,,,,,,,,,,,,,,,,,0,,,,
,神奈中商事,,新聞・バラ,持込,,,,,,,,,,,,,,,,,,,,,,,,,,,,,,,,0,,,,
,クリーンサービス,,新聞・バラ,持込,,,,,,,,,,,,,,,,,,,,,,,,,,,,,,,,0,,,,
,カナキン,,新聞・バラ,持込,,,,,,,,,,,,,,,,,,,,,,,,,,,,,,,,0,,,,
,サンクリーン,,新聞・バラ,持込,,,,,,,,,,,,,,,,,,,,,,,,,,,,,,,,0,,,,
,ティーエスエンバイロ,,新聞・バラ,持込,,,,,,,,,,,,,,,,,,,,,,,,,,,,,,,,0,,,,
,DSP,,新聞・バラ,持込,,,,,,,,,,,,,,,,,,,,,,,,,,,,,,,,0,,,,
,マルフジ,,残紙・バラ,持込,,,,,,,,,,,,,,,,,,,,,,,,,,,,,,,,0,,,,
,マルフジ,,新聞・バラ,持込,,,,,,,,,,,,,,,,,,,,,,,,,,,,,,,,0,,,,
,浅見運輸倉庫,,新聞・バラ,持込,,,,,,,,,,,,,,,,,,,,,,,,,,,,,,,,0,,,,
資源再生,マルフジ,,新聞・バラ,持込,,,,,,120,,,,,,,80,,,,,,,70,,,,,,,70,,,,,340,,,,
資源再生,シブヤ,,新聞・バラ,持込,,,,,,40,,,,,,,50,,,,,,,60,,,,,,,110,,,,,260,,,,
資源再生,環境システムサービス,,新聞・バラ,持込,,,,,,120,,,,,,,80,,,,,,,90,,,,,,,100,,,,,390,,,,
,関東ダイレクトサービス,,新聞・バラ,持込,,,,,,,,,,,,,,,,,,,,,,,,,,,,,,,,0,,,,
,紙商,,新聞・バラ,持込,,,,,"1,140","2,600","1,900",,,,,"1,980","1,050","2,490",,,,,"2,030",,,,"2,070",,,"4,600",,580,,,,"20,440",,,,
,中村伸行,,新聞・バラ,持込,,,,,,,,,,,,,,,,,,,,,,,,,,,,,,,,0,,,,
,毎日新聞井上,,新聞・バラ,持込,,,"1,460",,,,,"1,570",,,,,,"1,700",,,,"1,660",,,,,"2,910",,,,,,,"2,880",,"12,180",,,,
,(有)清水商店,,新聞・バラ,持込,,,,,,,,,,,,,,,,,,,,,,,,,,,,,,,,0,,,,
,,,,,,,,,,,,,,,,,,,,,,,,,,,,,,,,,,,,,,,,
,合計,,,,160,0,"1,460",530,"1,680","3,720","2,790","2,150",0,0,430,"2,450","2,050","5,030",580,0,0,"2,310","2,220",800,210,360,"4,980",0,330,"5,130","1,040","1,100",0,"2,880",0,"44,390",,新聞合計,,"44,390"
,,,,,,,,,,,,,,,,,,,,,,,,,,,,,,,,,,,,,,,,
雑誌-バラ持込み,,,,,,,,,,,,,,,,,,,,,,,,,,,,,,,,,,,,,,,,
,IWD,,雑誌・バラ,持込,,,,,,,,,,,,,,,,,,,,,,,,,,,,,,,,0,,③雑誌,,
,タチオカ商会,,雑誌・バラ,持込,"1,480",10,,"3,000","3,980","6,160","5,530",3930,,,"5,730","4,680","5,460","5,360",3650,,280,"4,060","3,560","3,600","1,870","2,430",,,3430,"3,570","3,480","3,510",20,50,,"78,830",,1.持込み・バラ,,
,青木商店,,雑誌・バラ,持込,"2,260",,,,,,,,,,,,,,,,,,,,,,,,,,,,,,,"2,260",,タチオカ商会,,"78,830"
,浅見運輸倉庫,,雑誌・バラ,持込,,,,,,,,,,,,,,,,,,,,,,,,,,,,,,,,0,,青木商店,,"2,260"
,シブヤ,,雑誌・バラ,持込,,,,,,,,,,,,,,,,,,,,,,,,,,,,,,,,0,,ダイコー商事,,500
,カナキン,,雑誌・バラ,持込,,,,,,,,,,,,,,180,,,,,,,990,,,,,,,,,,,"1,170",,旭満,,"5,980"
,カナキン,,雑古・バラ,持込,,,,,,,,,,,,,,,,,,,,,,,,,,,,,,,,0,,セクメット,,"1,110"
,ダイコー商事,,雑誌・バラ,持込,,,,,,,,,,,,,,,,,,,,,,150,,,,220,,,130,,,500,,平塚環興,,290
,ダイコー商事,,雑がみ・バラ,持込,,,,,,,,,,,,,,,,,,,,,,,,,,,,,,,,0,,湘南リユース,,"3,060"
,旭満,,雑誌・バラ,持込,110,,,,,,,50,,,90,,170,560,,,,,,"2,810",,,,,,,"2,140",,50,,,"5,980",,キョウセイ環境,,0
,セクメット,,雑誌・バラ,持込,,,,,,,,,,,,,,,,,,,300,,,,,,,,810,,,,,"1,110",,三星産業,,0
,セクメット,,ミックス紙・バラ,持込,,,,,,,,,,,,,,,,,,,,,,,,,,,,,,,,0,,アイダスト,,0
,大伊豆,,雑誌・バラ,持込,,,,,,,,,,,,,,,,,,,,,,,,,,,,,,,,0,,厚木市資源再生センター,,"11,700"
,平塚環興,,雑誌・バラ,持込,,60,,,,,,,60,,,,,,70,,,,,,100,,,,,,,,,,,290,,旭商会,,"3,060"
,対馬商店,,雑誌・バラ,持込,,,,,120,,,,,,,,,,,,,,,,,,,,,650,,,,,,770,,そのた,,"4,900"
,アオイ,,雑誌・バラ,持込,,,,,,,,,,,,,,,,,,,,,,,,,,,,,,,,0,,持込み・バラ合計,,"111,690"
,湘南,,雑誌・バラ,持込,,,,,,,,,,,,,,,,,,,,,,,,,,,,,,,,0,,,,
,湘南,,雑故紙・バラ,持込,,,,,,,,,,,,,,,,,,,,,,,,,,,,,,,,0,,,,
,上田商店,,雑誌・バラ,持込,,,,,,,,,,,,,,,290,,,80,,,,,,,,,,,,,,370,,,,
,上田商店,,雑故紙・バラ,持込,,,,,,,,,,,,,,,,,,,,,,,,,,,,,,,,0,,,,
,湘南リユース,,雑誌・バラ,持込,460,530,,,,,460,250,,,,,240,,240,,,,,,,140,,,290,,140,310,,,,"3,060",,,,
,キョウセイ環境,,雑誌・バラ,持込,,,,,,,,,,,,,,,,,,,,,,,,,,,,,,,,0,,,,
,キョウセイ環境,,雑故紙・バラ,持込,,,,,,,,,,,,,,,,,,,,,,,,,,,,,,,,0,,,,
,三星産業,,雑誌・バラ,持込,,,,,,,,,,,,,,,,,,,,,,,,,,,,,,,,0,,,,
,中部砕石,,雑誌・バラ,持込,,,,,,,,,,,,,,,,,,,,,,,,,,,,,,,,0,,,,
,サンクリーン,,雑誌・バラ,持込,,,,,,,,,,,,,,,,,,,,,,,,,,,,,,,,0,,,,
,中央カンセー,,雑誌・バラ,持込,,,,,,,,,,,,,,,,,,,,,,,,,,,,,,,,0,,,,
,アイダスト,,雑故紙・バラ,持込,,,,,,,,,,,,,,,,,,,,,,,,,,,,,,,,0,,,,
,秋山興業,,雑誌・バラ,持込,,,,,,,,,,,,,,,,,,,,,,,,,,,,,,,,0,,,,
,神奈中商事,,雑誌・バラ,持込,,,,,,,,,,,,,,,,,,,,,,,,,,,,,,,,0,,,,
,アートモータース,,雑誌・バラ,持込,,,,,,,,,,,,,,,,,,,,,,,,,,,,,,,,0,,,,
,ティーエスエンバイロ,,雑誌・バラ,持込,,,,,,,,,,,,,,,,,,,,,,,,,,,,,,,,0,,,,
,共栄商社,,雑誌・バラ,持込,,,,,,,,,,,,,,,,,,,,,,,,,,,,,,,,0,,,,
,共栄商社,,雑古紙・バラ,持込,,,,,,,,,,,,,,,,,,,,,,,,,,,,,,,,0,,,,
,共栄商社（ｺｶｺｰﾗほか）,,雑誌・バラ,持込,,,,,,,,,,,,,,,,,,,,,,,,,,,,,,,,0,,,,
,コイデ解体,,雑がみ・バラ,持込,,,,,,,,,,,,,,,,,,,,,,,,,,,,,,,,0,,,,
,セフティ,,雑がみ・バラ,持込,,,,,,,,,,,,,,,,,,,,,,,,,,,,,,,,0,,,,
,ブリジストン,,雑誌・バラ,持込,,,,,,,,,,,,,,,,,,,,,,,,,,,,,,,,0,,,,
,クリーンサービス,,雑誌・バラ,持込,,,,,,,,,,,,,,,,,,,,,10,,,,,,,,,,,10,,,,
,マルフジ,,雑誌・バラ,持込,,,,,,,,,,,,,,,,,,,,,,,,,,,,,,,,0,,,,
資源再生,北藤商店,,紙がみ・バラ,持込,,,,,,,,,,,,,,,,,,,,,,,,,,,,,,,,0,,,,
資源再生,マルフジ,,雑誌・バラ,持込,,,,,,520,,,,,,,410,,,,,,,200,,,,,,,290,,,,,"1,420",,,,
資源再生,マルフジ,,紙がみ・バラ,持込,,,,,,720,,,,,,,700,,,,,,,680,,,,,,,680,,,,,"2,780",,,,
資源再生,シブヤ,,雑誌・バラ,持込,,,,,,430,,,,,,,300,,,,,,,150,,,,,,,240,,,,,"1,120",,,,
資源再生,シブヤ,,紙がみ・バラ,持込,,,,,,770,,,,,,,870,,,,,,,660,,,,,,,680,,,,,"2,980",,,,
資源再生,環境システムサービス,,雑誌・バラ,持込,,,,,,490,,,,,,,410,,,,,,,370,,,,,,,220,,,,,"1,490",,,,
資源再生,環境システムサービス,,雑がみバラ,持込,,,,,,540,,,,,,,490,,,,,,,440,,,,,,,440,,,,,"1,910",,,,
,ふたば宅建,,雑誌・バラ,持込,,,,,,,,,,,,,,,,,,,,,,,,,,,,,,,,0,,,,
,鏡紙業,,雑誌・バラ,持込,,,,,,,,,,,,,,,,,,,,,,,,,,,,,,,,0,,,,
,春うららかな書房,,雑誌・バラ,持込,,,,,,,,,,,,,,,,,,,,,,,,,,,,,,,,0,,,,
,関東ダイレクトサービス,,雑誌・バラ,持込,,,,,,,,,,,,,,,,,,,,,,,,,,,,,,,,0,,,,
,札幌通運,,雑誌・バラ,持込,,,,,,,,,,,,,,,,,,,,,,,,,,,,,,,,0,,,,
,大橋さん,,雑誌・バラ,持込,,,,,,,,,,,,,,,,,,,,,,,,,,,,,,,,0,,,,
,㈲清水商店,,雑誌・バラ,持込,,,,,,,,,,,,,,,,,,,,,,,,,,,,,,,,0,,,,
,旭商会,,雑誌・バラ,持込,,,,,,,,,,,,110,,,,,,,,,,,,,,,,"2,950",,,,"3,060",,,,
,阿賀野商事,,雑誌・バラ,持込,,,,,,,,,,,,,,,,,,,,,,,,,,,,,,,,0,,,,
,未竜運輸,,雑誌・バラ,持込,,,,,,,,,,,,,,,,,,,,,,,,,,,,,,,,0,,,,
,中村伸行,,雑誌・バラ,持込,,,,,,,,,,,,,,,,,,,,,,,,,,,,,,,,0,,,,
,エコアース,,雑誌・バラ,持込,,,,,,,,,"1,120",,,,,,,,,,,,,,,,,,,,,,,"1,120",,,,
,不用品買取センター,,雑誌・バラ,持込,300,,,,,,,,290,,,,,,,,,,,50,,,,,,,260,,,,,900,,,,
,紙商,,雑誌・バラ,持込,,,,,,,,,,,,150,,,,,,,,,,,,,,,,,,,,150,,,,
,三凌商事,,雑誌・バラ,持込,,,,,,,,,,,,,300,,,,,,,,,,,,,,,,,,,300,,,,
,小平商店,,雑誌・バラ,持込,,,,110,,,,,,,,,,,,,,,,,,,,,,,,,,,,110,,,,
,エコロク,,雑誌・バラ,持込,,,,,,,,,,,,,,,,,,,,,,,,,,,,,,,,0,,,,
,,,,,,,,,,,,,,,,,,,,,,,,,,,,,,,,,,,,,,,,
,雑誌持込み合計,,,,"4,610",600,0,"3,110","4,100","9,630","5,990","4,230","1,470",0,"5,820","4,940","9,350","6,100","4,250",0,280,"4,140","3,860","8,960","2,970","2,720",0,0,"3,720","4,440","9,380","6,770",200,50,0,"111,690",,,,
,,,,,,,,,,,,,,,,,,,,,,,,,,,,,,,,,,,,,,,,
雑誌-自社回収,,,,,,,,,,,,,,,,,,,,,,,,,,,,,,,,,,,,,,2.引取り・バラ,,
JSR,デジタルプロセス,,雑誌・バラ,引取,,,,,,,,,,,,,,,,,,,,,,,,,,,,,,,,0,,JSRネット（富士通関連,,0
JSR,富士通ネットワークS,,雑誌・バラ,引取,,,,,,,,,,,,,,,,,,,,,,,,,,,,,,,,0,,ｴｺｻﾎﾟｰﾄ（ﾊﾟﾙｼｽﾃﾑ,,"3,180"
JSR,富士通　神奈川支社,,雑誌・バラ,引取,,,,,,,,,,,,,,,,,,,,,,,,,,,,,,,,0,,ﾎﾟｼﾞﾃｨﾌﾞ（富士ﾛｼﾞ関連,,"3,020"
,新明和オートセールス,,雑誌・バラ,引取,,,,,,,,,,,,,,,,,,,,,,,,,,,,,,,,0,,DSP（ピアノ運送ほか,,"1,600"
,サンライズ,,雑誌・バラ,引取,,,,,,,,,,,,,,,,,,,,,,,,,,,,,,,,0,,田丸（エスポットほか,,"53,100"
,日本ロジ　株式会社,,雑誌・バラ,引取,,,,,,,,,,,,,,,,,,,,,,,,,,,,,,,,0,,湘南リンテック加工,,"4,350"
,丸駒運輸,,雑誌・バラ,引取,,,,,,,10,,,,,,,10,,,,,,,,,,,,,,10,,,,30,,丸紅（不二家）,,"1,210"
,旭運送,,雑誌・バラ,引取,,,,,,,20,,,,,,,10,,,,,,,,,,,,,,10,,,,40,,そのた,,"4,420"
王子タック,厚木玄林堂,,雑がみ・バラ,引取,,,,,,,,,,,,,,,,,,,,,,,,,,,,,,,,0,,引取り・バラ合計,,"70,880"
,ロジスティクス・ネットワーク,,雑誌・バラ,引取,,,,,,,,,,,,,,,,,,,,,,,,,,,,,,,,0,,,,
ﾊﾟﾙｼｽﾃﾑ電力,パルシステム相模,,ミックス紙・バラ,引取,,,,300,150,20,80,,,,80,300,50,150,,,,90,70,50,50,,,,270,70,60,290,,,,"2,080",,,,
ﾊﾟﾙｼｽﾃﾑ電力,パルシステム相模青果,,ミックス紙・バラ,引取,,,,120,150,30,30,,,,60,80,50,90,,,,80,60,30,30,,,,90,70,30,100,,,,"1,100",,,,
ﾎﾟｼﾞﾃｨﾌﾞ,富士ロジテック長沼,,雑がみ・バラ,引取,,,,,,,,30,,,,,,,20,,,,,,,10,,,,,,,10,,,70,,,,
ﾎﾟｼﾞﾃｨﾌﾞ,富士ロジテック横浜町田,,雑がみ・バラ,引取,,,,20,,,,20,,,30,,10,,,,,70,,80,,10,,,50,,,,,,,290,,,,
ﾎﾟｼﾞﾃｨﾌﾞ,富士ロジテック金田,,雑がみ・バラ,引取,,,,,,10,,,,,,,10,,,,,,,,,,,,,10,,10,,,,40,,,,
ﾎﾟｼﾞﾃｨﾌﾞ,富士ロジテック東名厚木,,雑がみ・バラ,引取,,,,,,,,,,,,,,,10,,,,,,,,,,,,,,10,,,20,,,,
ﾎﾟｼﾞﾃｨﾌﾞ,富士ロジテック三田第2ﾛｼﾞｽﾃｨｯｸ,,雑がみ・バラ,引取,,,,,,,,,,,,,,,,,,,,20,,,,,,,,20,100,,,140,,,,
ﾎﾟｼﾞﾃｨﾌﾞ,キョクレイ・ネットプライス,,雑がみ・バラ,引取,,,,,,,,,,,,,,,,,,,,,,,,,,,,,,,,0,,,,
ﾎﾟｼﾞﾃｨﾌﾞ,ﾁｸﾌﾞﾊﾟｯｹｰｼﾞ上溝,,雑がみ・バラ,引取,20,,,,,,450,510,,,,,30,10,580,,,,50,230,300,,,,,,,,280,,,"2,460",,,,
ﾎﾟｼﾞﾃｨﾌﾞ,ﾁｸﾌﾞﾊﾟｯｹｰｼﾞ上依知,,雑がみ・バラ,引取,,,,,,,,,,,,,,,,,,,,,,,,,,,,,,,,0,,,,
DSP,広陽,,雑誌・バラ,引取,,,,,,,,,,,,,,,,,,,,,,,,,,,,,,,,0,,,,
DSP,本間ゴルフ,,雑誌・バラ,引取,,,,,,,,,,,,,,,,,,,,,,,,,,,,,,,,0,,,,
DSP,ユニマットレンタル藤沢,,雑誌・バラ,引取,,,,,,,,,,,,,,,,,,,,,,,,,,,,,,,,0,,,,
DSP,カンナミアクア,,雑誌・バラ,引取,,,,,,,,,,,,,,,,,,,,,,,,,,,,,,,,0,,,,
DSP,ユニマットレンタル厚木,,雑誌・バラ,引取,10,,,,,,,10,,,,,,,10,,,,,,,,,,,,,,10,,,40,,,,
DSP,ユニマットライフ厚木,,雑誌・バラ,引取,,,,,,,,,,,,,,,,,,,,,,,,,10,,,,,,,10,,,,
DSP,ピアノ運送厚木共配,,雑誌・バラ,引取,10,,,,,,,10,,,,,,,,,,,,,,,,,,,,,10,,,30,,,,
DSP,クリナップ南関東,,雑誌・バラ,引取,10,,,,,,,30,,,,20,,,20,,,,30,,,,,,,,,,60,,,170,,,,
DSP,有隣堂,,雑誌・バラ,引取,40,,,,,,,60,,,,60,,,40,,,,40,,,40,,,,30,,,30,,,340,,,,
DSP,東京スチールセンター,,雑誌・バラ,引取,,,,,,,,,,,,,,,,,,220,,,,,,,,,,,,,,220,,,,
DSP,小山,,雑誌・バラ,引取,,,,,,,,10,,,,,30,,,,,,,10,,,,,10,,10,,,,,70,,,,
DSP,小田原市立病院,,雑誌・バラ,引取,,,,,,,,,,,,,,,,,,,,,,,,,,,,,,,,0,,,,
DSP,ダブサーフィングウェットスーツ,,雑誌・バラ,引取,,,,,,,,,,,,10,,,,,,,30,,,,,,,20,,,,,,60,,,,
DSP,武部鉄工所,,雑誌・バラ,引取,,,,,,,,50,,,,150,,,20,,,,180,,,50,,,,120,,,80,,,650,,,,
DSP,マルナカ,,雑誌・バラ,引取,,,,,,,,,,,,,,,,,,,,,,,,,,,,,,,,0,,,,
DSP,リバークレイン,,雑誌・バラ,引取,,,,,,,,,,,,,,,,,,,,,,,,,,,,,,,,0,,,,
DSP,厚木ミクロ,,雑誌・バラ,引取,,,,,,,,,,,10,,,,,,,,,,,,,,,,,,,,,10,,,,
アオイ,富士電線,,ミックス紙・バラ,引取,40,,,,,,,10,,,,,,,30,,,,,,,160,,,,,,,80,,,320,,,,
ｻﾃｨｽﾌｧｸﾄﾘ,早稲田アカデミー,,雑誌・バラ,引取,,,,,,,,,,,,30,,,,,,,30,,,,,,,30,,,,,,90,,,,
ｻﾃｨｽﾌｧｸﾄﾘ,ＬＩＸＩＬ厚木,,雑誌・バラ,引取,,,,,,,,,,,,,,,50,,,,,,,,,,,,,,,,,50,,,,
,セフティ,,雑紙・バラ,引取,,,,,,,,,,,,,,,,,,,,,,,,,,,,,,,,0,,,,
田丸,マックスバリュ秦野渋沢店,,雑故紙・バラ,引取,,,,,,,,,,,,,,,,,,,,,,,,,,,,,,,,0,,,,
田丸,ESPOT（ポイント）,,雑故紙・バラ,引取,"1,170",,,,,,340,600,,,330,950,80,540,630,,,620,560,540,500,410,,,200,590,120,640,710,,,"9,530",,,,
田丸,ザ・コンボ,,雑古紙・バラ,引取,,,,,,,,,,,,,,,,,,,,,,,,,,,,,,,,0,,,,
ｸﾘｰﾝｻｰﾋﾞｽ,タキロンシーアイ,,雑誌・バラ,引取,,,,,,,,,,,,,,,,,,,,,,,,,,,,,,,,0,,,,
,イシダ製作所,,雑誌・バラ,引取,,,,,,,,,,,,,,,,,,,,,,,,,,,,,,,,0,,,,
,宇都宮螺子株式会社,,雑誌・バラ,引取,,,,,,,,,,,,,,80,,,,,,,,,,,,,,,,,,80,,,,
,関包スチール,,模造・バラ,引取,,,,,,,,,,,,,,,,,,,,,,,,,,,,140,,,,140,,,,
,春うららかな書房,,雑誌・バラ,引取,,,,,,,,,,,230,,,,,,,,,,,,,,,,,,,,,230,,,,
,湘南倉庫,,雑紙・バラ,引取,,,,,,,,,,,,,,,,,,,,,,,,,,,,,,,,0,,,,
,マルイチ,,雑誌・バラ,引取,,,,,,,,,,,,,,,,,,,,,,,,,,,,,,,,0,,,,
環境総合,大正堂　本店,,雑誌・バラ,引取,,,,,,,,,,,,,,,,,,,,,,,,,,,,,,,,0,,,,
環境総合,大正堂　物流センター,,雑誌・バラ,引取,,,,,,,,,,,,,,,,,,,,,,,,,,,,,,,,0,,,,
,山崎歯車,,雑がみ・バラ,引取,,,,,,,,,,,,,,,660,,,,,,,,,,,,,,,,,660,,,,
,島津エイテック,,雑誌・バラ,引取,,,,,,,,,,,,,,,,,,,,,,,,,,,,,,,,0,,,,
ナカダイ,東京冷機相模営業所,,雑誌・バラ,引取,,,,,,,,,,,,,,,,,,,,,,,,,,,,,,,,0,,,,
ナカダイ,東京冷機　厚木営業所,,雑誌・バラ,引取,,,,,,,,,,,,,,,,,,,,,,,,,,10,,,,,,10,,,,
ﾃｨｰｴｽｴﾝﾊﾞｲﾛ,オートバックス座間店,,雑誌・バラ,引取,,,,,,,,,,,,,,,,,,,,,,,,,,,,,,,,0,,,,
カナキン,湘南リンテック加工（株）,,ミックス紙・バラ,引取,,,,,,,970,,,,,380,,,1000,,,,,730,,,,,690,,,580,,,,"4,350",,,,
熊谷組,ＤＰＬ平塚,,雑誌・バラ,引取,,,,,,,,,,,,,,,,,,,,,,,,,,,,,,,,0,,,,
,上神谷運送,,雑誌・バラ,引取,,,,,,,,,,,,,,,,,,,,,,,,,,,,,,,,0,,,,
丸紅,不二家平塚工場,,雑がみ・バラ,引取,,,,,,,110,10,,,50,50,10,60,50,,,60,130,30,80,50,,,100,100,140,150,30,,,"1,210",,,,
,江南合成,,雑誌・バラ,引取,,,,,,,,,,,,,,,,,,,,,,,,,,,,,,,,0,,,,
,厚木市環境センター,,雑古紙・バラ,引取,,,,,,,,,,,,,,,,,,,,,,,,,,,,,,,,0,,,,
大和ハウス,大和ハウス工業・伊勢原,,雑誌・バラ,引取,,,,,,,,,,,,,,,,,,,,,,,,,,,,,,,,0,,,,
神奈中商事,伊藤ビル,,雑誌・バラ,引取,40,,,,,,,50,,,,100,,,100,,,,50,,,70,,,,60,,,60,,,530,,,,
大本紙料,SBSフレック厚木,,雑誌・バラ,引取,10,10,,60,,10,,20,10,,,,10,,10,,,10,10,10,,10,10,,,20,,,10,,,220,,,,
,リーラック機材,,雑誌・バラ,引取,,,,,,,,,,,,,,,,,,,,,,,,,,,,,,,,0,,,,
,TS環境リサイクル,,雑誌・バラ,引取,,,,,,50,20,,,,120,10,180,190,20,,,,60,40,40,30,,,110,130,200,60,,,,"1,260",,,,
共栄商社,ストリックスコンサルティング0,,雑誌・バラ,引取,,,,,,,,,,,,,,,,,,,,,,,,,,,,,,,,0,,,,
,近代セールス社,,雑誌・バラ,引取,,,,,,,,,,,,,,,,,,,,,,,,,,,,,,,,0,,,,
,高山東名支店大和センター,,雑誌・バラ,引取,,,,,,,,30,,,,,10,,,,,,,,,10,,,,,10,,,,,60,,,,
都市環境サービス,小田急電鉄,,雑古紙・バラ,引取,,,,,,,350,,,,,,,,,,,,,350,,,,,,,,,,,,700,,,,
,,,,,,,,,,,,,,,,,,,,,,,,,,,,,,,,,,,,,,,,
,自社回収合計,,,,"1,350",10,0,500,300,120,"2,380","1,450",10,0,910,"2,140",470,"1,140","3,250",0,0,"1,150","1,300","2,120","1,000",850,10,0,"1,530","1,260",570,"2,010","1,480",0,0,"27,310",,,,
,,,,,,,,,,,,,,,,,,,,,,,,,,,,,,,,,,,,,,,,
雑誌-他社回収,,,,,,,,,,,,,,,,,,,,,,,,,,,,,,,,,,,,,,,,
大本紙料,アート引越センター,旭満,雑誌・バラ,引取,,,,,,,,,,,,,,,,,,,,,,,,,,,,,,,,0,,,,
,旭満（オウルテック）,,雑誌・バラ,引取,,,,,,,,,,,,,,,,,,,,,,,,,,,,,,,,0,,,,
DSP,有隣堂,鏡紙業,雑誌・バラ,引取,,,,,,,,,,,,,,,,,,,,,,,,,,,,,,,,0,,,,
田丸,ESPOT(ﾎﾟｲﾝﾄ）,鏡紙業,雑故紙・バラ,引取,,340,"1,300",,,,,,600,"1,200",,570,,,,490,"1,820",,,,,,260,"1,090",,,,,,400,980,"9,050",,,,
田丸,ESPOT(ﾎﾟｲﾝﾄ）,ｱﾝﾋﾞｴﾝﾃ,雑故紙・バラ,引取,,,,550,860,"1,170",,,,,,,,,,,,,,,,,,590,,540,,,,,,"3,710",,,,
田丸,ザ・コンボ,鏡紙業,雑故紙・バラ,引取,,810,720,,,,280,,200,250,530,400,,340,,190,450,480,,540,,,400,260,450,,570,,,460,360,"7,690",,,,
田丸,ザ・コンボ,ｱﾝﾋﾞｴﾝﾃ,雑故紙・バラ,引取,,,,,500,780,,,,,,,,,,,,,,,,,,,,,,,,,,"1,280",,,,
田丸,マックスバリュ秦野渋沢店,鏡紙業,雑故紙・バラ,引取,150,200,"1,600",,,,350,170,550,530,,600,,150,130,450,800,,330,,80,160,,580,,510,,180,200,,890,"8,610",,,,
田丸,マックスバリュ秦野渋沢店,ｱﾝﾋﾞｴﾝﾃ,雑故紙・バラ,引取,,,,780,"1,000","1,100",,,,,990,,810,,,,,"1,060",,620,,,,,"1,100",,610,,,,,"8,070",,,,
田丸,ザ・ビッグ厚木旭町店,鏡紙業,雑故紙・バラ,引取,,,690,,,,,,100,190,,,,,,50,260,,,,,,70,190,,,,,,,430,"1,980",,,,
田丸,ザ・ビッグ厚木旭町店,ｱﾝﾋﾞｴﾝﾃ,雑故紙・バラ,引取,350,,,,370,,,380,,,,,470,,300,,,,350,,,330,,,,310,,,320,,,"3,180",,,,
田丸,ザ・ビッグ厚木旭町店,相内寿隆,雑故紙・バラ,引取,,,,,,,,,,,,,,,,,,,,,,,,,,,,,,,,0,,,,
,,,,,,,,,,,,,,,,,,,,,,,,,,,,,,,,,,,,,,,,
,他社回収合計,,,,500,"1,350","4,310","1,330","2,730","3,050",630,550,"1,450","2,170","1,520","1,570","1,280",490,430,"1,180","3,330","1,540",680,"1,160",80,490,730,"2,710","1,550","1,360","1,180",180,520,860,"2,660","43,570",,,,
,,,,,,,,,,,,,,,,,,,,,,,,,,,,,,,,,,,,,,,,
,雑誌回収合計（自社+他社,,,,"1,850","1,360","4,310","1,830","3,030","3,170","3,010","2,000","1,460","2,170","2,430","3,710","1,750","1,630","3,680","1,180","3,330","2,690","1,980","3,280","1,080","1,340",740,"2,710","3,080","2,620","1,750","2,190","2,000",860,"2,660","70,880",,雑誌・バラ合計,,"182,570"
,,,,,,,,,,,,,,,,,,,,,,,,,,,,,,,,,,,,,,,,
,雑誌バラ・合計（持込み+回収,,,,"6,460","1,960","4,310","4,940","7,130","12,800","9,000","6,230","2,930","2,170","8,250","8,650","11,100","7,730","7,930","1,180","3,610","6,830","5,840","12,240","4,050","4,060",740,"2,710","6,800","7,060","11,130","8,960","2,200",910,"2,660","182,570",,,,
,,,,,,,,,,,,,,,,,,,,,,,,,,,,,,,,,,,,,,3.雑誌・プレス,,
雑誌-プレス品,,,,,,,,,,,,,,,,,,,,,,,,,,,,,,,,,,,,,,ティーエスエンバイロ,,0
,TS環境リサイクル,,雑誌・プレス,持込,,,,,,,,,,,,,,,,,,,,,,,,,,,,,,,,0,,東部サービスセンター,,0
,天竜商事,,雑誌・プレス,持込,,,,,,,,,,,,,,,,,,,,,,,,,,,,,,,,0,,そのた,,0
,アクト・エア,,雑誌・プレス,持込,,,,,,,,,,,,,,,,,,,,,,,,,,,,,,,,0,,雑誌・プレス合計,,0
,東部サービスセンター,,雑誌・プレス,持込,,,,,,,,,,,,,,,,,,,,,,,,,,,,,,,,0,,,,
,リーガルサービス,,雑誌・プレス,持込,,,,,,,,,,,,,,,,,,,,,,,,,,,,,,,,0,,,,
,翔友（２）,,雑誌・プレス,持込,,,,,,,,,,,,,,,,,,,,,,,,,,,,,,,,0,,,,
,グリーンロジテック,,雑がみ・プレス,持込,,,,,,,,,,,,,,,,,,,,,,,,,,,,,,,,0,,,,
,セクメット,,雑がみ・プレス,持込,,,,,,,,,,,,,,,,,,,,,,,,,,,,,,,,0,,,,
,,,,,,,,,,,,,,,,,,,,,,,,,,,,,,,,,,,,,,,,
,プレス入荷合計,,,,0,0,0,0,0,0,0,0,0,0,0,0,0,0,0,0,0,0,0,0,0,0,0,0,0,0,0,0,0,0,0,0,,,,
,,,,,,,,,,,,,,,,,,,,,,,,,,,,,,,,,,,,,,,,
,雑誌入荷合計（バラ+プレス,,,,"6,460","1,960","4,310","4,940","7,130","12,800","9,000","6,230","2,930","2,170","8,250","8,650","11,100","7,730","7,930","1,180","3,610","6,830","5,840","12,240","4,050","4,060",740,"2,710","6,800","7,060","11,130","8,960","2,200",910,"2,660","182,570",,雑誌合計,,"182,570"
,,,,,,,,,,,,,,,,,,,,,,,,,,,,,,,,,,,,,,,,
,,,,,,,,,,,,,,,,,,,,,,,,,,,,,,,,,,,,,,,,
,,,,,,,,,,,,,,,,,,,,,,,,,,,,,,,,,,,,,,,,
,,,,,,,,,,,,,,,,,,,,,,,,,,,,,,,,,,,,,,,,
その他,,,,,,,,,,,,,,,,,,,,,,,,,,,,,,,,,,,,,,④プラ類,,
プラ-持込み,,,,,,,,,,,,,,,,,,,,,,,,,,,,,,,,,,,,,,1.持込み・バラ,,
,カナキン,,プラスチックパレット・バラ,持込,,,,,,,,,,,,,,,,,,,,,,,,,,,,,,,,0,,IWD,,"1,280"
,タチオカ商会,,廃プラ軟質・バラ,持込,,,,,,,,,,,,,,,,,,,,,,,,,,,,,,,,0,,そのた,,280
,IWD,,廃プラ軟質・バラ,持込,,,,,,,650,,,,,,,,,,,,,,,,,,630,,,,,,,"1,280",,持込み合計,,"1,560"
,IWD,,フレコンバック・バラ,持込,,,,,,,,,,,,,,,,,,,,,,,,,,,,,,,,0,,,,
,浅見運輸倉庫,,PEフィルム・バラ,持込,,,,,,,,,,,,,,,,,,,,,,,,,,,,,,,,0,,,,
,ダイコー商事,,廃プラ軟質・バラ,持込,,,,,,,,,,,,,,,,,,,,,,,,,,,,,,,,0,,,,
,旭満,,廃プラ軟質・バラ,持込,,,,,,,,,,,,,,,,,,,,,,,,,,,,,,,,0,,,,
,旭満,,ｽﾄﾚｯﾁﾌｨﾙﾑ・バラ,持込,,,,,,,,,,,,,,,,,,,,,,,,,,,,,,,,0,,,,
,平塚環興,,古布,持込,,,,,,,,,,,,,,,,,,,,,,,,,,,,,,,,0,,,,
,湘南リユース,,廃プラ軟質・バラ,持込,,,,,,,,,,,,,,,,,,,,,,,,,,,,,,,,0,,,,
,湘南リユース,,古布,持込,,,,,,,,,,,,,,,,,,,,,,,,,,,,,,,,0,,,,
,大伊豆,,廃プラ軟質・バラ,持込,,,,,,,,,,,,,,,,,,,,,,,,,,,,,,,,0,,,,
,関東ダイレクトサービス,,廃プラ軟質・バラ,持込,,,,,,,,,,,,,,,,,,,,,,,,,,,,,,,,0,,,,
,共栄商社,,廃プラ軟質・バラ,持込,,,,,,,,,,,,,,,,,,,,,,,,,,,,,,,,0,,,,
,サンクリーン,,ｽﾄﾚｯﾁﾌｨﾙﾑ・バラ,持込,,,,,,,,,,,,,,,,,,,,,,,,,,,,,,,,0,,,,
,サンクリーン,,廃プラ軟質・バラ,持込,,,,,,,,,,,,,,,,,,,,,,,,,,,,,,,,0,,,,
,札幌通運,,ｽﾄﾚｯﾁﾌｨﾙﾑ・バラ,持込,,,,,,,,,,,,,,,,,,,,,,,,,,,,,,,,0,,,,
,神奈中商事,,ｽﾄﾚｯﾁﾌｨﾙﾑ・バラ,持込,,,,,,,,,,,,,,,,,,,,,,,,,,,,,,,,0,,,,
,三凌商事,,ｽﾄﾚｯﾁﾌｨﾙﾑ・バラ,持込,,,,,,,,,,,,,200,,,,,,,,,,,,,,,,,,,200,,,,
,三凌商事,,PPバンド・バラ,持込,,,,,,,,,,,,,80,,,,,,,,,,,,,,,,,,,80,,,,
,,,,,,,,,,,,,,,,,,,,,,,,,,,,,,,,,,,,,,,,
,プラ類持込み合計,,,,0,0,0,0,0,0,650,0,0,0,0,0,280,0,0,0,0,0,0,0,0,0,0,0,630,0,0,0,0,0,0,"1,560",,,,
,,,,,,,,,,,,,,,,,,,,,,,,,,,,,,,,,,,,,,,,
プラ-自社回収,,,,,,,,,,,,,,,,,,,,,,,,,,,,,,,,,,,,,,2.引取り・バラ,,
,坂田亮作商店,,ビニールA,引取,,,,,,,,,,,,,,,,,,,,,,,,,,,,,,,,0,,山櫻,,"1,980"
,山櫻,,シュリンクフィルム・バラ,引取,,,,,,,30,,,,,,10,,,,,10,,,,,,,40,20,380,,"1,490",,,"1,980",,ﾎﾟｼﾞﾃｨﾌﾞ（富士ﾛｼﾞ関連,,730
,丸駒運輸,,廃プラ軟質・バラ,引取,,,,,,,,,,,,,,10,,,,,,,20,,,,,,,10,,,,40,,高山（共栄商社引取り,,260
,旭運送,,廃プラ軟質・バラ,引取,,,,,,,,,,,,,,,,,,,,,,,,,,,,,,,,0,,そのた,,"1,000"
,サンインテルネット,,廃プラ軟質・バラ,引取,,,,,,,,,,,,,,,,,,,,,,,,,,,,,,,,0,,引取り合計,,"3,970"
,ユアサ・フナショク,,廃プラ軟質・バラ,引取,,,,,,,,,,,,,,,,,,,,,,,,,,,,,,,,0,,,,
ﾎﾟｼﾞﾃｨﾌﾞ,富士ロジテック長沼,,ｽﾄﾚｯﾁﾌｨﾙﾑ・バラ,引取,10,,,,,,,,,,,,10,,,,,,,,,20,,,,,,,,,,40,,,,
ﾎﾟｼﾞﾃｨﾌﾞ,富士ロジテック横浜町田,,ｽﾄﾚｯﾁﾌｨﾙﾑ・バラ,引取,,,,,,10,,20,,,,,10,,,,,10,,10,,,,,,,,,20,,,80,,,,
ﾎﾟｼﾞﾃｨﾌﾞ,富士ロジテック金田,,ｽﾄﾚｯﾁﾌｨﾙﾑ・バラ,引取,,,,,,,,,,,,,,,,,,,,,,,,,,,,,,,,0,,,,
ﾎﾟｼﾞﾃｨﾌﾞ,富士ロジテック東名厚木,,ｽﾄﾚｯﾁﾌｨﾙﾑ・バラ,引取,10,,,,,,,,,,10,,,,,,,10,,,,20,,,10,,,,10,,,70,,,,
ﾎﾟｼﾞﾃｨﾌﾞ,富士ロジテック三田第2ﾛｼﾞｽﾃｨｯｸ,,ｽﾄﾚｯﾁﾌｨﾙﾑ・バラ,引取,10,,,,10,,,20,,,,,10,10,,,,20,,,,40,,,30,10,,,70,,,230,,,,
ﾎﾟｼﾞﾃｨﾌﾞ,富士ロジテック三田第2ﾛｼﾞｽﾃｨｯｸ,,PPバンド・バラ,引取,,,,,,,,,,,,,,,,,,,,,,,,,,,,,,,,0,,,,
ﾎﾟｼﾞﾃｨﾌﾞ,ﾁｸﾌﾞﾊﾟｯｹｰｼﾞ上溝,,ｽﾄﾚｯﾁﾌｨﾙﾑ・バラ,引取,,,,,,,40,,,,,,,10,,,,,,,,10,,,,,,,,,,60,,,,
ﾎﾟｼﾞﾃｨﾌﾞ,ﾁｸﾌﾞﾊﾟｯｹｰｼﾞ上依知,,ｽﾄﾚｯﾁﾌｨﾙﾑ・バラ,引取,,,,,,,,,,,,20,,,,,,,10,,,,,,,10,,,,,,40,,,,
ﾎﾟｼﾞﾃｨﾌﾞ,三井倉庫ロジスティクス,,ｽﾄﾚｯﾁﾌｨﾙﾑ・バラ,引取,,10,,,10,,10,,10,,,20,,20,,10,,,10,,30,,20,,,10,,20,,30,,210,,,,
ﾎﾟｼﾞﾃｨﾌﾞ,シャープジャスダロジスティクス,,ビニール・バラ,引取,,,,,,,,,,,,,,,,,,,,,,,,,,,,,,,,0,,,,
DSP,エディスタ,,ｽﾄﾚｯﾁﾌｨﾙﾑ・バラ,引取,,,,,,,,,,,10,,,10,,,,10,,,10,,,,10,,,,,,,50,,,,
DSP,エディスタ,,PPバンド・バラ,引取,,,,,,,,,,,,,,10,,,,,,,10,,,,,,,,,,,20,,,,
ｻﾃｨｽﾌｧｸﾄﾘｰ,ﾛｼﾞｽﾃｨｸｽﾈｯﾄﾜｰｸ,,ｽﾄﾚｯﾁﾌｨﾙﾑ・バラ,引取,,,,,,,,,,,,40,,,,,,,,,,,,,80,,,,,,,120,,,,
,小田原紙器工業,,廃プラ軟質・バラ,引取,,,,,,,,,,,,,,,,,,,,,,,,,,,,,,,,0,,,,
,GLP相模原,,廃プラ軟質・バラ,引取,,,,,,,,,,,,,,,,,,,,,,,,,,,,,,,,0,,,,
,上神谷運送,,ｽﾄﾚｯﾁﾌｨﾙﾑ・バラ,引取,10,,,,,,,10,,,,,,,30,,,,,,,10,,,,,,,10,,,70,,,,
,高山　常温一括センター,,PPバンド・バラ,引取,10,10,,10,10,10,10,10,10,,10,10,10,10,10,10,,10,10,10,10,10,10,,10,10,10,10,10,10,,260,,,,
,高山東名支店大和センター,,ｽﾄﾚｯﾁﾌｨﾙﾑ・バラ,引取,10,,,10,,10,,20,,,10,,10,,10,,,10,,10,,10,,,10,,10,,,,,130,,,,
,高山東名支店大和センター,,PPバンド・バラ,引取,,,,10,,10,,,,,10,,10,,,,,10,,10,,,,,10,,10,,,,,80,,,,
大本紙料,大創産業　神奈川ＲＤＣ,,ｽﾄﾚｯﾁﾌｨﾙﾑ・バラ,引取,,,,,30,,,,,,,30,,,,,,,60,,,,,,,10,,,,,,130,,,,
大本紙料,大創産業　神奈川ＲＤＣ,,PPバンド・バラ,引取,,,,,10,,,,,,,10,,,,,,,40,,,,,,,,,,,,,60,,,,
大本紙料,SBSフレック厚木,,ｽﾄﾚｯﾁﾌｨﾙﾑ・バラ,引取,10,,,,,,10,,10,,,10,,,20,10,,,,10,,,10,,10,10,10,,,10,,130,,,,
大本紙料,SBSフレック厚木,,PPバンド・バラ,引取,20,10,,,,,10,,10,,,,10,10,,10,,,10,,10,10,10,,10,,20,10,,10,,170,,,,
,近代セールス社,,軟質ミックス,引取,,,,,,,,,,,,,,,,,,,,,,,,,,,,,,,,0,,,,
,横浜ゴム株式会社,,廃プラ軟質・バラ,引取,,,,,,,,,,,,,,,,,,,,,,,,,,,,,,,,0,,,,
,,,,,,,,,,,,,,,,,,,,,,,,,,,,,,,,,,,,,,,,
,プラ類回収合計,,,,90,30,0,30,70,40,110,80,40,0,50,140,80,90,70,40,0,90,140,50,90,130,50,0,220,80,440,50,"1,610",60,0,"3,970",,,,
,,,,,,,,,,,,,,,,,,,,,,,,,,,,,,,,,,,,,,,,
,プラ類合計,,,,90,30,0,30,70,40,760,80,40,0,50,140,360,90,70,40,0,90,140,50,90,130,50,0,850,80,440,50,"1,610",60,0,"5,530",,プラ類合計,,"5,530"
,,,,,,,,,,,,,,,,,,,,,,,,,,,,,,,,,,,,,,,,
その他-持込み,,,,,,,,,,,,,,,,,,,,,,,,,,,,,,,,,,,,,,⑤その他,,
,青木商店,,シュレッダー・バラ,持込,,,,,,,,,,,,,,,,,,,,,,,,,,,,,,,,0,,1.持込み・バラ,,
,青木商店,,雑袋・バラ,持込,,,,,,,,,,,,,,,,,,,,,,,,,980,,,,,,,980,,タチオカ商会,牛乳パック,"1,960"
,セクメット,,シュレッダー・バラ,持込,,,,,,,,,,,130,,,,,,,,810,,,,,,,,190,,,,,"1,130",,厚木資源再生センター,牛乳パック,510
,セクメット,,雑袋・バラ,持込,,,,,,,,,,,,,,,,,,,,,,,,,,,,,,,,0,,厚木資源再生センター,ウエス,"6,320"
,セクメット,,台紙・バラ,持込,,,,,,,,,,,,,,,,,,,,,,,,,,,,,,,,0,,リンテック,損紙,0
,カナキン,,模造・バラ,持込,,,,,,,,,,,,,,,,,,,,,,,,,,,,,,,,0,,三善製紙,損紙,0
,カナキン,,シュレッダー・バラ,持込,,,,,,,,,,,,,,,60,,,,,,,,,,,,,,,,,60,,ユーネット,,0
,タチオカ商会,,牛乳パック・バラ,持込,310,,,60,40,90,80,40,,,40,80,40,80,450,,,50,,100,,330,,,40,50,30,50,,,,"1,960",,北湘ヴィークル,上台紙,"19,420"
,タチオカ商会,,ペットボトル・バラ,持込,,,,,,,,,,,,,,,,,,,,,,,,,,,,,,,,0,,そのた,,"7,930"
,タチオカ商会,,缶,持込,,,,,,,,,,,,,,,,,,,,,,,,,,,,,,,,0,,持込み・バラ合計,,"36,140"
,タチオカ商会,,機密書類・バラ,持込,,,,,,,,,,,,,,,,,,,,,,,,,,,,,,,,0,,,,
,大伊豆,,シュレッダー・バラ,持込,,,,,,,,,,,,,,,,,,,,,,,,,,,,,,,,0,,,,
,ダイコー商事,,ウエス・バラ,持込,,,,,,,,,,,,,,,60,,,,,,,,,,,30,,,,,,90,,,,
,旭満,,模造・バラ,持込,,,,,,,,,,,,,,,,,,,,,,,,,,,,,,,,0,,,,
,旭満,,ウエス・バラ,持込,,,,,,,,,,,,,,,,,,,,,,,,,,,,,,,,0,,,,
,旭満,,シュレッダー・バラ,持込,,,,,,,,,,,,,,,,,,,,,,,,,,,,,,,,0,,,,
,クリーンサービス,,シュレッダー・バラ,持込,,,,,,,,,,,,,,,,,,,,,,,,,,,,,,,,0,,,,
,クリーンサービス,,感熱紙・バラ,持込,,,,,,,,,,,,,,,,,,,,,,,,,,,,,,,,0,,,,
,クリーンサービス,,ウエス・バラ,持込,,,,,,,,,,,,,,,,,,,,,,,,,,,,,,,,0,,,,
,湘南,,牛乳パック・バラ,持込,,,,,,,,,,,,,,,,,,,,,,,,,,,,,,,,0,,,,
,上田商店,,牛乳パック・バラ,持込,,,,,,,,,,,,,,,,,,,,,,,,,,,,,,,,0,,,,
,上田商店,,ヨーグルト紙容器,持込,,,,,,,,,,,,,,,,,,,,,,,,,,,,,,,,0,,,,
,サンクリーン,,模造・バラ,持込,,,,,,,,,,,,,,,,,,,,,,,,,,,,,,,,0,,,,
,サンクリーン,,紙管・バラ,持込,,,,,,,,,,,,,,,,,,,,,,,,,,,,,,,,0,,,,
,ティーエスエンバイロ,,シュレッダー・バラ,持込,,,,,,,,,,,,,,,,,,,,,,,,,,,,,,,,0,,,,
,ティーエスエンバイロ,,雑袋・バラ,持込,,,,,,,,,,,,,,,,,,,,,,,,,,,,,,,,0,,,,
,ティーエスエンバイロ,,紙管・ﾊﾞﾗ,持込,,,,,,,,,,,,,,,,,,,,,,,,,,,,,,,,0,,,,
DSP,そのた,,模造・バラ,持込,,,,,,,,,,,,,,,,,,,,,,,,,,,,,,,,0,,,,
,対馬商店,,シュレッダー・バラ,持込,,,,,,,,,,,,,,,,,,,,,,,,,,640,,,,,,640,,,,
,対馬商店,,紙管・バラ,持込,,,,,,,,,,,,,,,,,,,,,,,,,,,,,,,,0,,,,
,上田商店,,紙管・バラ,持込,,,,,,,,,,,,,,,,,,,,,,,,,,,,,,,,0,,,,
,共栄商社,,紙管・バラ,持込,,,,,,,,,,,,,,,,,,,,,,,,,,,,,,,,0,,,,
,共栄商社,,シュレッダー・バラ,持込,,,,,,,,,,,,,,,,,,,,,,,,,,,,,,,,0,,,,
,共栄商社,,シール台紙・バラ,持込,,,,,,,,,,,,,,,,,,,,,,,,,,,,,,,,0,,,,
,共栄商社（ｺｶｺｰﾗﾎﾞﾄﾗｰｽﾞｼﾞｬﾊﾟﾝ）,,紙管・バラ,持込,,,,,,,360,,,,,230,,,,,,,260,,,,,,,290,,,,,,"1,140",,,,
,共栄商社（ｺｶｺｰﾗﾎﾞﾄﾗｰｽﾞｼﾞｬﾊﾟﾝ）,,雑袋・バラ,持込,,,,,,,"1,050",,,,,"1,020",,,,,,,830,,,,,,,850,,,,,,"3,750",,,,
,共栄商社（ｺｶｺｰﾗﾎﾞﾄﾗｰｽﾞｼﾞｬﾊﾟﾝ）,,シール台紙・バラ,持込,,,,,,,,,,,,,,,,,,,,,,,,,,,,,,,,0,,,,
資源再生,マルフジ,,牛乳パック・バラ,持込,,,,,,50,,,,,,,30,,,,,,,50,,,,,,,40,,,,,170,,,,
資源再生,マルフジ,,ウエス・バラ,持込,,,,,,730,,,,,,,790,,,,,,,420,,,,,,,410,,,,,"2,350",,,,
資源再生,シブヤ,,牛乳パック・バラ,持込,,,,,,50,,,,,,,40,,,,,,,70,,,,,,,40,,,,,200,,,,
資源再生,シブヤ,,ウエス・バラ,持込,,,,,,570,,,,,,,610,,,,,,,480,,,,,,,320,,,,,"1,980",,,,
資源再生,環境システムサービス,,牛乳パック・バラ,持込,,,,,,30,,,,,,,30,,,,,,,40,,,,,,,40,,,,,140,,,,
資源再生,環境システムサービス,,ウエス・バラ,持込,,,,,,730,,,,,,,480,,,,,,,400,,,,,,,380,,,,,"1,990",,,,
,リンテック三島工場,,損紙（包装紙他）,引取,,,,,,,,,,,,,,,,,,,,,,,,,,, ,,,,,0,,,,
,リンテック三島工場,,損紙（混載）バンド,引取,,,,,,,,,,,,,,,,,,,,,,,,,,,,,,,,0,,,,
,リンテック三島工場,,損紙（混載）ベーラー,引取,,,,,,,,,,,,,,,,,,,,,,,,,,,,,,,,0,,,,
,リンテック三島工場,,損紙（混載）パレット,引取,,,,,,,,,,,,,,,,,,,,,,,,,,,,,,,,0,,,,
,三善製紙,,損紙・バラ,引取,,,,,,,,,,,,,,,,,,,,,,,,,,,,,,,,0,,,,
,コイデ解体,,シュレッダー・バラ,持込,,,,,,,,,,,,,,,,,,,,,,,,,,,,,,,,0,,,,
,コイデ解体,,紙管,持込,,,,,,,,,,,,,,,,,,,,,,,,,,,,,,,,0,,,,
,シェーネプリント,,台紙・バラ,持込,,,,,,,,,,,,,,,,,,,,,,,,,,,,,,,,0,,,,
,シェーネプリント,,ワンプ,持込,,,,,,,,,,,,,,,,,,,,,,,,,,,,,,,,0,,,,
,北湘ヴィークル,,上台紙・バラ,持込,"1,370",,,,,,,"1,070",,,"1,060",500,770,820,930,,,"1,400","1,110","1,330",,"2,100",,,980,"2,300",770,"1,300","1,610",,,"19,420",,,,
,エコアース,,機密書類・バラ,持込,,,,,,,,,,,,,,,,,,,,,,,,,,,,,,,,0,,,,
,ベストトレーディング,,紙管,持込,,,,,,,,,,,,,,,,,,,,,,,,,,,,,,,,0,,,,
,阿賀野商事,,ウエス・バラ,持込,,,,,,,,,,,,,,,,,,,,,,,,,,,,,,,,0,,,,
,紙商,,ウエス・バラ,持込,,,,,,,,,,,,140,,,,,,,,,,,,,,,,,,,,140,,,,
,三凌商事,,シュレッダー・バラ,持込,,,,,,,,,,,,,,,,,,,,,,,,,,,,,,,,0,,,,
,秋山興業,,機密書類・バラ,持込,,,,,,,,,,,,,,,,,,,,,,,,,,,,,,,,0,,,,
,,,,,,,,,,,,,,,,,,,,,,,,,,,,,,,,,,,,,,,,
,その他持込み合計,,,,"1,680",0,0,60,40,"2,250","1,490","1,110",0,0,"1,230","1,970","2,790",900,"1,500",0,0,"1,450","3,010","2,890",0,"2,430",0,0,"2,000","4,160","2,220","1,350","1,610",0,0,"36,140",,,,
,,,,,,,,,,,,,,,,,,,,,,,,,,,,,,,,,,,,,,,,
,,,,,,,,,,,,,,,,,,,,,,,,,,,,,,,,,,,,,,,,
その他-自社回収,,,,,,,,,,,,,,,,,,,,,,,,,,,,,,,,,,,,,,,,
,坂田亮作商店,,ﾏﾙﾁﾊﾟｯｸ・バラ,引取,"5,260",,,,,,,,,,,,"4,420","3,380",,,,,,,,,,,,,"9,780",,,,,"22,840",,2.引取り・バラ,,
,坂田亮作商店,,台紙・バラ,引取,,,,,,,,,,,,,,"1,590",,,,,,,,,,,,,,,,,,"1,590",,坂田亮作商店,ﾏﾙﾁﾊﾟｯｸほか,"31,470"
,坂田亮作商店,,紙カップ・バラ,引取,,,,,,,,,,,,,,,,,,,,,,,,,,,,,,,,0,,山櫻,廃紙ほか,"98,880"
,坂田亮作商店,,ライナー巻取,引取,"7,040",,,,,,,,,,,,,,,,,,,,,,,,,,,,,,,"7,040",,コトブキパック,上台紙ほか,"12,090"
,坂田亮作商店,,巻取(カップ原紙）,引取,,,,,,,,,,,,,,,,,,,,,,,,,,,,,,,,0,,DSP,ｹﾝﾄほか,"5,010"
,山櫻,,ワンプ・バラ,引取,,,,,,,280,,,,120,100,,240,120,,,100,,220,120,,,,90,,120,90,,,,"1,600",,吉田印刷（旭満引取り,,"14,930"
,山櫻,,糊付廃紙・バラ,引取,790,,,,,,,210,,,"1,100",540,820,900,,,,480,260,520,420,,,,"1,090",,680,,270,,,"8,080",,田丸（エスポットほか）,ペットボトル,"4,250"
,山櫻,,窓付廃紙・バラ,引取,"1,880",,,,,,"5,290","3,490",,,"2,540","5,300","3,920","2,400","1,950",,,"4,730","3,300","4,020","2,980",,,,"4,350","4,440","2,980","4,090","4,450",,,"62,110",,田丸（エスポットほか）,アルミ缶,810
,山櫻,,色クラフト・バラ,引取,,,,,,,70,80,,,,,70,,,,,,70,,,,,,,70,,,70,,,430,,パスコ,雑袋,"4,490"
,山櫻,,クラフト・バラ,引取,,,,,,,300,80,,,210,240,,310,70,,,150,190,520,250,,,,240,,70,,240,,,"2,870",,そのた,,"8,530"
,山櫻,,紙管・バラ,引取,,,,,,,710,,,,190,,190,,,,,190,240,190,,,,,,,480,210,,,,"2,400",,引取り・バラ合計,,"180,460"
,山櫻,,鉄くず,引取,,,,,,,210,,,,,,,,,,,,,,,,,,,,,,,,,210,,,,
,山櫻,,ケント,引取,780,,,,,,780,,,,"2,090",,,"1,350",610,,,730,"1,780","1,050",730,,,,440,"2,310","1,730","2,120","1,490",,,"17,990",,,,
,山櫻,,上白,引取,,,,,,,70,,,,,,380,180,210,,,290,580,,170,,,,350,240,450,,70,,,"2,990",,,,
,山櫻,,台紙,引取,,,,,,,,,,,,,,,,,,,,,,,,,,,,,,,,0,,,,
,山櫻,,荷潰し品,引取,,,,,,,,,,,,,200,,,,,,,,,,,,,,,,,,,200,,その他・バラ合計,,"216,600"
ｸﾘｰﾝｻｰﾋﾞｽ,タキロンシーアイ,,シュレッダー,引取,,,,,,,,,,,,,,10,,,,,,,,,,,,,,,,,,10,,,,
DSP,東京研文社,,上ケント・バラ,引取,,,,,,,,,,,,,,,,,,,,,,,,,,,,,,,,0,,,,
DSP,東京スチールセンター,,ステンレス合紙・バラ,引取,,,,,,,,,,,,,,,,,,,,,,,,,,,,,,,,0,,,,
DSP,日本インジェクタ,,機密書類,引取,,,,,,,,,,,,,,,,,,,,,,,,,,,,,,,,0,,,,
DSP,ブリヂストン横浜工場,,紙管・バラ,引取,,,,,,,,,,,,,,,,,,,,,,,,,,,,,,,,0,,,,
DSP,ブリヂストン横浜工場,,機密書類・バラ,引取,,,,,,,,,,,,,,,,,,,,,,,,,,,,"2,290",,,,"2,290",,,,
DSP,ハーゼスト,,色上,引取,,,,,,,,,,,,,,,,,,,,,,,,,,,,,,,,0,,,,
DSP,ハーゼスト,,パレット模造,引取,,,,,,,,,,,,,,,,,,,,,,,,,,,,,,,,0,,,,
DSP,エバネクト,,模造・バラ,引取,,,,,,,,,,,,,,,,,,,,,,,,,,,,,,,,0,,,,
DSP,小田原市民病院,,シュレッダー・バラ,引取,,,,,,,,,,,,,,,,,,,,,,,,,,,,,,,,0,,,,
DSP,小田原市民病院,,新聞,引取,,,,,,,,,,,,,,,,,,,,,,,,,,,,,,,,0,,,,
DSP,リバークレイン,,新聞,引取,20,,,,,,30,30,,,40,40,30,30,30,,,40,40,40,40,20,,,20,40,20,20,20,,,550,,,,
DSP,陸上自衛隊久里浜駐屯地,,模造・バラ,引取,,,,,,,,,,,,,640,,,,,,,,,,,,,,"1,530",,,,,"2,170",,,,
田丸,マックスバリュ秦野渋沢店,,ペットボトル・バラ,引取,,,,,,,,,,,,,,,,,,,,,,,,,,,,,,,,0,,,,
田丸,ESPOT（ポイント）,,ペットボトル・バラ,引取,40,,,,,,20,100,,,90,50,60,50,80,,,70,60,40,70,40,,,90,70,70,70,60,,,"1,130",,,,
田丸,ESPOT（ポイント）,,アルミ缶,引取,10,,,,,,,20,,,30,10,10,10,10,,,10,10,10,20,10,,,10,10,10,10,10,,,210,,,,
,高山常温一括センター,,機密書類,引取,,,,,,,,,,,,,,,,,,,,,,,,,,,,,,,,0,,,,
王子ﾀｯｸ,厚木玄林堂,,巻取り・バラ,引取,,,,,,,,,,,,,,,,,,,,,,,,,,,,,,,,0,,,,
,コトブキパック,,上台紙・バラ,引取,,,,,,,,"2,360",,,"1,730",,,,"2,580",,,,,,,,,,"1,460","1,500",,,,,,"9,630",,,,
,コトブキパック,,Bケント・バラ,引取,,,,,,,,,,,"2,020",,,,210,,,,,,,,,,,230,,,,,,"2,460",,,,
環境総合,大正堂　上鶴間本町,,機密書類・バラ,引取,,,,,,,,,,,,,,,,,,,,,,,,,,,,,,,,0,,,,
環境総合,大正堂　町田市小川,,機密書類・バラ,引取,,,,,,,,,,,,,,,,,,,,,,,,,,,,,,,,0,,,,
環境総合,大正堂　本店,,機密書類・バラ,引取,,,,,,,,,,,,,,,,,,,,,,,,,,,,,,,,0,,,,
,サンインテルネット,,機密書類・バラ,引取,,,,,,,,,,,,,,,,,,,,,,,,,,,,,,,,0,,,,
,吉田印刷,,機密書類・バラ,引取,,,,,,,,,,,,,,,,,,,,,,,,,,,,,,,,0,,,,
,神奈中ハイヤー,,機密書類・バラ,引取,,,,,,,,,,,,,,,,,,,,,,,,,,,,,,,,0,,,,
,ジャクソンラボラトリージャパン,,雑袋・バラ,引取,180,,,,,,,,,,,,,,150,,,,,,,,,,,,,,190,,,520,,,,
,ロジスティクス・ネットワーク,,機密書類・バラ,引取,,,,,,,,,,,,,,,,,,,,,,,,,,,,,,,,0,,,,
,敷島製パン（パスコ）,,雑袋・バラ,引取,,940,,,,,,,880,,,,,,,880,,,,,,,900,,,,,,,890,,"4,490",,,,
熊谷組,ＤＬＰ平塚,,機密書類・バラ,引取,,,,,,,,,,,,,,,,,,,,,,,,,,,,,,,,0,,,,
カナキン,湘南リンテック加工（株）,,台紙・バラ,引取,,,,,,,200,,,,,,,,,,,,,,,,,,,,,,,,,200,,,,
カナキン,湘南リンテック加工（株）,,上白・バラ,引取,,,,,,,,,,,,190,,,,,,,,60,,,,,,,,,,,,250,,,,
カナキン,湘南リンテック加工（株）,,紙管・バラ,引取,,,,,,,,,,,,,,,,,,,,60,,,,,600,,,60,,,,720,,,,
カナキン,湘南リンテック加工（株）,,パルプ・バラ,引取,,,,,,,,,,,,,,,,,,,,,,,,,,,,,,,,0,,,,
カナキン,湘南リンテック加工（株）,,トレーシングペーパー,引取,,,,,,,,,,,,,,,,,,,,,,,,,,,,,,,,0,,,,
,大本紙料,,機密書類・バラ,引取,,,,,,,,,,,,,,,,,,,,,,,,,,,290,,,,,290,,,,
,日本加工機材,,紙管・バラ,引取,50,,,,,,,280,,,,300,,,380,,,,150,,,370,,,,700,,,640,,,"2,870",,,,
神奈中商事,伊藤ビル,,シュレッダー,引取,80,,,,,,,110,,,,120,,,140,,,,120,,,120,,,,80,,,140,,,910,,,,
神奈中商事,伊藤ビル,,新聞,引取,10,,,,,,,10,,,,10,,,10,,,,10,,,10,,,,10,,,10,,,80,,,,
,TS環境リサイクル,,シュレッダー,引取,,,,110,,,,20,,,,,,,,,,,,,,,,,,,,,,,,130,,,,
,厚木市環境センター,,シュレッダー・バラ,引取,,,,,,,,,,,,,,,,,,,,,,,,,,,,,,,,0,,,,
都市環境サービス,小田急電鉄,,シュレッダー,引取,,,,,,,,,,,,,,,,,,,,"1,600",,,,,,,,,,,,"1,600",,,,
,HUMAN MADE,,雑袋・バラ,引取,,,,,,,,,,,,,,,,,,,,,,,,,,,,,,,,0,,,,
,小平商店,,模造・バラ,引取,,,,30,,,,,,,,,,,,,,,,,,,,,,,,,,,,30,,,,
,都市環境サービス,,機密書類・バラ,引取,,,,,,,,,,,,,,,,,,,,,,,,,,,,,,,,0,,,,
,,,,,,,,,,,,,,,,,,,,,,,,,,,,,,,,,,,,,,,,
,自社回収合計,,,,"16,140",940,0,140,0,0,"7,960","6,790",880,0,"10,160","6,900","10,740","10,450","6,550",880,0,"6,790","6,810","8,330","4,800",570,900,0,"8,740","9,700","18,210","8,960","7,660",890,0,"160,890",,,,
,,,,,,,,,,,,,,,,,,,,,,,,,,,,,,,,,,,,,,,,
その他-他社回収,,,,,,,,,,,,,,,,,,,,,,,,,,,,,,,,,,,,,,,,
,吉田印刷,旭満,台紙・バラ,引取,,,,,,,,,,,"2,280",,,,2930,,,,,"1,930","2,050",,,,"2,610",,,,"3,130",,,"14,930",,,,
,吉田印刷,旭満,機密書類,引取,,,,,,,,,,,,,,,,,,,,,,,,,,,,,,,,0,,,,
,高山常温一括センター,,機密書類,持込,,,,,,,,,,,,,,,,,,,,,,,,,,,,,,,,0,,,,
田丸,ESPOT(ﾎﾟｲﾝﾄ）,鏡紙業,ペットボトル・バラ,引取,,40,100,,,,,,50,110,,,,,,70,130,,,,,,80,110,,,,,,90,130,910,,,,
田丸,ESPOT(ﾎﾟｲﾝﾄ）,鏡紙業,アルミ缶,引取,,20,60,,,,,,20,30,,,,,,20,70,,,,,,10,20,,,,,,,80,330,,,,
田丸,ESPOT(ﾎﾟｲﾝﾄ）,ｱﾝﾋﾞｴﾝﾃ,ペットボトル・バラ,引取,,,,,240,100,,,,,,,,,,,,,,,,,,,,,,,,,,340,,,,
田丸,ESPOT(ﾎﾟｲﾝﾄ）,ｱﾝﾋﾞｴﾝﾃ,アルミ缶,引取,,,,,,80,,,,,,,,,,,,,,,,,,,,,,,,,,80,,,,
田丸,ザ・コンボ,鏡紙業,ペットボトル・バラ,引取,,,80,,,,,,70,40,,60,,,,80,70,,,90,,,70,50,,,100,,,,50,760,,,,
田丸,ザ・コンボ,ｱﾝﾋﾞｴﾝﾃ,ペットボトル・バラ,引取,,,,,80,90,,,,,,,,,,,,,,,,,,,,,,,,,,170,,,,
田丸,マックスバリュ秦野渋沢店,鏡紙業,ペットボトル・バラ,引取,30,20,50,,,,70,40,10,60,,60,,50,,60,70,,40,,40,40,10,70,,40,,30,60,,,850,,,,
田丸,マックスバリュ秦野渋沢店,ｱﾝﾋﾞｴﾝﾃ,ペットボトル・バラ,引取,,,,20,60,,,,,,70,,80,,,,,90,,40,,,,,50,,,,,,,410,,,,
田丸,ザ・ビッグ厚木旭町店,鏡紙業,ペットボトル・バラ,引取,,,50,,,,,,30,50,,,,,,20,50,,,,,,40,60,,,,,,,80,380,,,,
田丸,ザ・ビッグ厚木旭町店,鏡紙業,アルミ缶,引取,,,20,,,,,,,,,,,,,,,,,,,,,,,,,,,,,20,,,,
田丸,ザ・ビッグ厚木旭町店,ｱﾝﾋﾞｴﾝﾃ,ペットボトル・バラ,引取,40,,,,30,,,20,,,,,,,30,,,,,,,60,,,,,,,40,,,220,,,,
田丸,ザ・ビッグ厚木旭町店,ｱﾝﾋﾞｴﾝﾃ,アルミ缶,引取,30,,,,10,,,20,,,,,,,30,,,,,,,60,,,,,,,20,,,170,,,,
田丸,ザ・ビッグ厚木旭町店,相内寿隆,ペットボトル・バラ,引取,,,,,,,,,,,,,,,,,,,,,,,,,,,,,,,,0,,,,
田丸,ザ・ビッグ厚木旭町店,相内寿隆,アルミ缶,引取,,,,,,,,,,,,,,,,,,,,,,,,,,,,,,,,0,,,,
,,,,,,,,,,,,,,,,,,,,,,,,,,,,,,,,,,,,,,,,
,他社回収合計,,,,100,80,360,20,420,270,70,80,180,290,"2,350",120,80,50,"2,990",250,390,90,40,"2,060","2,090",160,210,310,"2,660",40,100,30,"3,250",90,340,"19,570",,,,
,,,,,,,,,,,,,,,,,,,,,,,,,,,,,,,,,,,,,,,,
,その他・回収合計（自社+他社,,,,"16,240","1,020",360,160,420,270,"8,030","6,870","1,060",290,"12,510","7,020","10,820","10,500","9,540","1,130",390,"6,880","6,850","10,390","6,890",730,"1,110",310,"11,400","9,740","18,310","8,990","10,910",980,340,"180,460",,,,
,,,,,,,,,,,,,,,,,,,,,,,,,,,,,,,,,,,,,,,,
,その他・バラ合計（持込み+バラ,,,,"17,920","1,020",360,220,460,"2,520","9,520","7,980","1,060",290,"13,740","8,990","13,610","11,400","11,040","1,130",390,"8,330","9,860","13,280","6,890","3,160","1,110",310,"13,400","13,900","20,530","10,340","12,520",980,340,"216,600",,,,
,,,,,,,,,,,,,,,,,,,,,,,,,,,,,,,,,,,,,,,,
その他-プレス品,,,,,,,,,,,,,,,,,,,,,,,,,,,,,,,,,,,,,,3.プレス品,,
,TS環境リサイクル,,シュレッダー・プレス,持込,,,,,,,,,,,,,,,,,,,,,,,,,,,,,,,,0,,その他のプレス品,,"66,730"
,中部砕石,,壁紙・プレス,持込,,,,,,,,,,,,,,,,,,,,,,,,,,,,,,,,0,,その他・プレス品合計,,"66,730"
,中部砕石,,ワンプ・プレス,持込,,,,,,,,,,,,,,,,,,,,,,,,,,,,,,,,0,,,,
,日本製紙　勿来,遠藤運輸,感熱・プレス,引取,,,,,,,,,,,,,,,,,,,,,,,,,,,,,,,,0,,,,
,日本製紙　勿来,遠藤運輸,ﾉｰｶｰﾎﾞﾝ・プレス,引取,,,,,,,,,,,,,,,,,,,,,,,,,,,,,,,,0,,,,
,日本製紙　勿来,遠藤運輸,雑古紙・プレス,引取,,,,,,,,,,,,,,,,,,,,,,,,,,,,,,,,0,,,,
,日本製紙　勿来,遠藤運輸,XⅠ・プレス,引取,,,,,,,,,,,,,,,,,,,,,,,,,,,,,,,,0,,,,
,花の木商事,ユーネット,タオルペーパ・プレス,引取,,,,,,,,,,,,,,,,,,,,,,,,,,,,,,,,0,,,,
,中津紙工,,アルバム台紙,引取,,,,,,,,,,,,,,,,,,,,,,,,,,,,,,,,0,,,,
都市ｸﾘｴｲﾄ,ﾜｰﾙﾄﾞｻﾌﾟﾗｲ川崎センター,,帳票類・パレット,引取,,,,,,,,,,,,,,,,,,,,,,,,,,,,,,,,0,,,,
,レックス(株),,牛乳パック・プレス,持込,,,,,,,,,,,,,,,,,,,,,,,,,,,,,,,,0,,,,
,ｴﾘｴｰﾙﾌﾟﾛﾀﾞｸﾄ(株)いわき工場,,ﾃｨｯｼｭ損紙・プレス,引取,,,,,,,,,,,,,,,,,,,,,,,,,,,,,,,,0,,,,
,坂田亮作商店,,カップ原紙・プレス,引取,,,,,,,,,,,,,,,,,,,,,,,,,,,,,,,,0,,,,
,坂田亮作商店,,ｶｯﾌﾟ(ﾋﾞﾆｰﾙB）,引取,,,,,,,,,,,,,,,,,,,,,,,,,,,,,,,,0,,,,
,坂田亮作商店,,ｶｯﾌﾟ(ﾋﾞﾆｰﾙE）,引取,,,,,,,,"12,950",,,,,"13,100",,,,,,"13,150",,,"13,230",,,,,,"13,340",,,,"65,770",,,,
,翔友（新和製紙）,ヤマウチ,牛乳パック・プレス,持込,,,,,,,,,,,,,,,,,,,,,,,,,,,,,,,,0,,,,
,翔友（新和製紙）,ヤマウチ,台紙・プレス,持込,,,,,,,,,,,,,,,,,,,,,,,,,,,,,,,,0,,,,
,翔友（２）,,台紙・プレス,持込,,,,,,,,,,,,,,,,,,,,,,,,,,,,,,,,0,,,,
カナキン,湘南リンテック加工（株）,,上白・プレス,引取,,,,,,,,,,,,,,,160,,,,,160,,,,,,,,480,,,,800,,,,
カナキン,湘南リンテック加工（株）,,白・色混り・プレス,引取,,,,,,,160,,,,,,,,,,,,,,,,,,,,,,,,,160,,,,
,ティーエスエンバイロ,,ｽﾄﾚｯﾁﾌｨﾙﾑ・ﾌﾟﾚｽ,持込,,,,,,,,,,,,,,,,,,,,,,,,,,,,,,,,0,,,,
,旭商会,,プレスボード,持込,,,,,,,,,,,,,,,,,,,,,,,,,,,,,,,,0,,,,
,,,,,,,,,,,,,,,,,,,,,,,,,,,,,,,,,,,,,,,,
,,,,,,,,,,,,,,,,,,,,,,,,,,,,,,,,,,,,,,,,
,その他・プレス品合計,,,,0,0,0,0,0,0,160,"12,950",0,0,0,0,"13,100",0,160,0,0,0,"13,150",160,0,"13,230",0,0,0,0,0,"13,820",0,0,0,"66,730",,,,
,,,,,,,,,,,,,,,,,,,,,,,,,,,,,,,,,,,,,,,,
,その他合計（バラ+プレス、プラ除く,,,,"17,920","1,020",360,220,460,"2,520","9,680","20,930","1,060",290,"13,740","8,990","26,710","11,400","11,200","1,130",390,"8,330","23,010","13,440","6,890","16,390","1,110",310,"13,400","13,900","20,530","24,160","12,520",980,340,"283,330",,,,
,,,,,,,,,,,,,,,,,,,,,,,,,,,,,,,,,,,,,,,,
,その他合計（プラ+その他,,,,"18,010","1,050",360,250,530,"2,560","10,440","21,010","1,100",290,"13,790","9,130","27,070","11,490","11,270","1,170",390,"8,420","23,150","13,490","6,980","16,520","1,160",310,"14,250","13,980","20,970","24,210","14,130","1,040",340,"288,860",,その他合計,,"283,330"
,,,,,,,,,,,,,,,,,,,,,,,,,,,,,,,,,,,,,,,,
,入荷合計（横持除く,,,,"66,700","32,660","9,750","20,370","25,520","36,880","50,050","81,950","19,150","5,910","62,810","65,320","86,080","67,740","44,380","18,510","7,580","64,160","74,360","66,400","53,200","63,140","17,940","6,240","45,630","63,450","88,870","75,640","60,080","4,830","5,520","1,403,810",,入荷合計,,"1,403,810"
,,,,,,,,,,,,,,,,,,,,,,,,,,,,,,,,,,,,,,,,
,番線,,,,,,,,,,,,,,,,,,,,,,,,,,,,,,,,,,,,,,,
,,,,,,,,,,,,,,,,,,,,,,,,,,,,,,,,,,,,,,,,
事業所間横持ち,,,,,,,,,,,,,,,,,,,,,,,,,,,,,,,,,,,,,,＜参考＞事業所間横持ち,,
,御殿場事業所,,輸出ﾀﾞﾝﾎﾞｰﾙ,引取,,,,,,,,,,,,,,,,,,,,,,,,,,,,,,,,0,,,,
,御殿場事業所,,輸出雑誌,引取,,,,,,,,,,,,,"14,100",,,,,,,,,,,,,,,,,,,"14,100",,御殿場→厚木,ﾀﾞﾝﾎﾞｰﾙ,0
,御殿場事業所,,ｼｭﾚｯﾀ-ﾞﾌﾟﾚｽ,引取,,,,,,,,,,,,,,,,,,,,,,,,,,,,,,,,0,,御殿場→厚木,ｻﾞｯｼ,"14,100"
,御殿場事業所,,軟質ﾌﾟﾗ,引取,,,,,,,,,,,,,,,,,,,,,,,,,,,,,,,,0,,御殿場→厚木,その他,0
,御殿場事業所,,ウエス,引取,,,,,,,,,,,,,,,,,,,,,,,,,,,,,,,,0,,富　士→厚木,ﾀﾞﾝﾎﾞｰﾙ,"16,250"
,御殿場事業所,,紙管,引取,,,,,,,,,,,,,,,,,,,,,,,,,,,,,,,,0,,富　士→厚木,ｻﾞｯｼ,"37,730"
,御殿場事業所,,剥離紙,引取,,,,,,,,,,,,,,,,,,,,,,,,,,,,,,,,0,,富　士→厚木,その他,0
,御殿場事業所,,雑袋,引取,,,,,,,,,,,,,,,,,,,,,,,,,,,,,,,,0,,浜　松→厚木,ﾀﾞﾝﾎﾞｰﾙ,0
,御殿場事業所,,雑がみ,引取,,,,,,,,,,,,,,,,,,,,,,,,,,,,,,,,0,,浜　松→厚木,ｻﾞｯｼ,"11,070"
,,,,,,,,,,,,,,,,,,,,,,,,,,,,,,,,,,,,,,浜　松→厚木,その他,"10,830"
,冨士事業所,,輸出ﾀﾞﾝﾎﾞｰﾙ,引取,,,,,,,,,,,,"3,020",,,,,,,"2,980",,,,,,,"10,250",,,,,,"16,250",,その他,,"11,700"
,冨士事業所,,輸出雑誌,引取,,,,,,,,,,,,"9,630",,,,,,,"11,360",,,,,,"12,460","4,280",,,,,,"37,730",,横持品合計,,"101,680"
,冨士事業所,,雑がみ・プレス,引取,,,,,,,,,,,,,,,,,,,,,,,,,,,,,,,,0,,,,
,冨士事業所,,色損紙・プレス,引取,,,,,,,,,,,,,,,,,,,,,,,,,,,,,,,,0,,,,
,冨士事業所,,ﾃｨｯｼｭ損紙,引取,,,,,,,,,,,,,,,,,,,,,,,,,,,,,,,,0,,,,
,冨士事業所,,感熱紙・プレス,引取,,,,,,,,,,,,,,,,,,,,,,,,,,,,,,,,0,,,,
,冨士事業所,,紙管,引取,,,,,,,,,,,,,,,,,,,,,,,,,,,,,,,,0,,,,
,冨士事業所,,ワンプ,引取,,,,,,,,,,,,,,,,,,,,,,,,,,,,,,,,0,,,,
,,,,,,,,,,,,,,,,,,,,,,,,,,,,,,,,,,,,,,,,
,浜松事業所,,輸出ﾀﾞﾝﾎﾞｰﾙ,引取,,,,,,,,,,,,,,,,,,,,,,,,,,,,,,,,0,,,,
,浜松事業所,,輸出雑誌,引取,,,,,,,,,,,,,,,,,,,"11,070",,,,,,,,,,,,,"11,070",,,,
,浜松事業所,,紙管・プレス,引取,,,,,,,,,,,,,,,,,,,350,,,,,,,,,,,,,350,,,,
,浜松事業所,,ワンプ,引取,,,,,,,,,,,,,,,,,,,,,,,,,,"10,480",,,,,,"10,480",,,,
,,,,,,,,,,,,,,,,,,,,,,,,,,,,,,,,,,,,,,,,
,本社事業所,,ライナー（巻取）,引取,,,,,,,,,,,,,,,,,,,,,,,,,,,,,,,,0,,,,
,本社事業所,,雑古紙,引取,,,,,,,,,,,,,,,,,,,,,,,,,,,,,,,,0,,,,
,,,,,,,,,,,,,,,,,,,,,,,,,,,,,,,,,,,,,,,,
,新潟事業所,,輸出雑誌,引取,,,,,,,,,,,,,,,,,,,,,,,,,,,,,,,,0,,,,
,,,,,,,,,,,,,,,,,,,,,,,,,,,,,,,,,,,,,,,,
,春日部事業所,,雑古紙・プレス,引取,,,,,,,,,,,,,,,,,,,,,,,,,,,,,,,,0,,,,
,,,,,,,,,,,,,,,,,,,,,,,,,,,,,,,,,,,,,,,,
,新座事業所,,袋茶,引取,,,,,,,,,,,,,,,,,,,,,,,,,,,,,,,,0,,,,
,,,,,,,,,,,,,,,,,,,,,,,,,,,,,,,,,,,,,,,,
,焼津事業所,,上台紙,引取,,,,,,,,,,,,,,,"11,700",,,,,,,,,,,,,,,,,"11,700",,,,
,,,,,,,,,,,,,,,,,,,,,,,,,,,,,,,,,,,,,,,,
,事業所間横持ち合計,,,,0,0,0,0,0,0,0,0,0,0,0,"12,650","14,100",0,"11,700",0,0,0,"25,760",0,0,0,0,0,"12,460","25,010",0,0,0,0,0,"101,680",,,,
,,,,,,,,,,,,,,,,,,,,,,,,,,,,,,,,,,,,,,,,
,入荷総合計（入荷+横持ち,,,,"66,700","32,660","9,750","20,370","25,520","36,880","50,050","81,950","19,150","5,910","62,810","77,970","100,180","67,740","56,080","18,510","7,580","64,160","100,120","66,400","53,200","63,140","17,940","6,240","58,090","88,460","88,870","75,640","60,080","4,830","5,520","1,505,490",,入荷+横持,,"1,505,490"
,,,,,,,,,,,,,,,,,,,,,,,,,,,,,,,,,,,,,,,,
＜出荷＞,,,,,,,,,,,,,,,,,,,,,,,,,,,,,,,,,,,,,,,,
,①段ボール,,,,,,,,,,,,,,,,,,,,,,,,,,,,,,,,,,,,,①段ボール,,
,1.輸出,,,,,,,,,,,,,,,,,,,,,,,,,,,,,,,,,,,,,1.輸出,,
,東方物産,古段,,,,,,,,,,,,,,,,,,,,,,,,,,,,,,,,,,0,,東方物産,古段,0
,東方物産,E段,,,,,,,,,,,,,,,,,,,,,,,,,,,,,,,,,,0,,東方物産,E段,0
,阪和興業,古段,,,,,,,,,,,,,,,,,,,,,,,,,,,,,,,,,,0,,阪和興業,古段,0
,丸紅,古段,,,,,,,,,,,,,,,,,,,,,,,,,,,,,,,,,,0,,丸紅,古段,0
,日商岩井,古段,,,,"23,180",,,,"19,750","84,500",,,,,,,"20,150",,,,,,,"19,960",,,,,,"38,910",,,,,"206,450",,日商岩井,古段,"206,450"
,VIPA,古段,,,"20,380",,,,,,,,,,,,,,,,,,,,,,,,,,,"40,610",,,,"60,990",,VIPA,古段,"60,990"
,VIPA,E段,,,,,,,,,,,,,,,,,,,,,,,,,,,,,,,,,,0,,VIPA,E段,0
,KPP,古段,,,,,,,,,,,,,,,,,,,,,,,,,,,,,,,,,,0,,KPP,古段,0
,三邦,古段,,,,,,,,,,,,,,,,,,,,,,,,,,,,,,,,,,0,,三邦,古段,0
,リニア,古段,,,,,,,,,,,,,,,,,,,,,,,,,,,,,,,,,,0,,リニア,古段,0
,JP,古段,,,,,,,,,,,,,,,,,,,,,,,,,,,,,,,,,,0,,JP,古段,0
,山發,古段,,,,,,,,,,,,,,,,,,,,,,,,,,,,,,,,,,0,,山發,古段,0
,美国中南日本,古段,,,,,,,,,,,,,,,,,,,,,,,"19,990",,"21,220",,,,,,,,,"41,210",,美国中南日本,古段,"41,210"
,美国中南日本,E段,,,,,,,,,,,,,,"24,540","49,800",,"25,230","24,490",,"25,250",,,"25,500","25,500","25,240",,,,,,,25300,,"250,850",,美国中南日本,E段,"250,850"
,紙通商,古段,,,,,,,,,,,,,,,,,,,,,,,,,,,,,,,,,,0,,紙通商,古段,0
,信一,古段,,,,,,,,,,,,,,,,,,,,,,,,,,,,,,,,,,0,,信一,古段,0
,新東亜,古段,,,,,,,,,,,,,,,,,,,,,,,,,,,,,,,,,,0,,新東亜,古段,0
,日本マテリオ,古段,,,,,,,,,,,,,,,,,,,,,,,,,,,,,,,,,,0,,日本マテリオ,古段,0
,JOP,古段,,,"21,710",,,,,,,"20,880",,,"19,380","18,990",,,"20,060","20,180",,"38,780","38,770","40,180","20,040","21,320",,,"41,030","40,720",,,"62,600",,,"424,640",,JOP,古段,"424,640"
,輸出合計,,,,"42,090","23,180",0,0,0,"19,750","84,500","20,880",0,0,"19,380","43,530","49,800","20,150","45,290","44,670",0,"64,030","38,770","40,180","85,490","46,820","46,460",0,"41,030","40,720","38,910","40,610","62,600","25,300",0,"984,140",,輸出合計,,"984,140"
,,,,,,,,,,,,,,,,,,,,,,,,,,,,,,,,,,,,,,,,
,2.国内,,,,,,,,,,,,,,,,,,,,,,,,,,,,,,,,,,,,,2.国内,,
,日本製紙（新東海製紙,,,,,,,,,,,,,,,,,,,,,,,,,,,,,,,,,,,0,,日本製紙（新東海製紙,,0
,日本製紙（特殊東海マテ,,,,,,,,,,,,,,,,,,,,,,,,,,,,,,,,,,,0,,日本製紙（特殊東海マテ,,0
,日本製紙（吉永工場,,,,,,,,,,,,,,,,,,,,,,,,,,,,,,,,,,,0,,日本製紙（吉永工場,,0
,日本製紙(安藤紙業倉庫,,,,,,,,,,,,,,,,,,,,,,,,,,,,,,,,,,,0,,日本製紙(安藤紙業倉庫,,0
,大王製紙,,,,,,,,,,,,,,,,,,,,,,,,,,,,,,,,,,,0,,大王製紙,,0
,大王製紙,大本紙料扱い,,,,,,,,,,,,,,,,,,,,,,,,,,,,,,,,,,0,,大王製紙,大本紙料扱い,0
,もっかいトラスト,,,,,,,,,,,,,,,,,,,,,,,,,,,,"19,650",,,,,,,"19,650",,もっかいトラスト,,"19,650"
,王子マテリア,,,,,,,,,,,,,,,,,,,,,,,,,,,,,,,,,,,0,,王子マテリア,,0
,国内合計,,,,0,0,0,0,0,0,0,0,0,0,0,0,0,0,0,0,0,0,0,0,0,0,0,0,"19,650",0,0,0,0,0,0,"19,650",,国内合計,,"19,650"
,,,,,,,,,,,,,,,,,,,,,,,,,,,,,,,,,,,,,,,,
,段ボール出荷合計,,,,"42,090","23,180",0,0,0,"19,750","84,500","20,880",0,0,"19,380","43,530","49,800","20,150","45,290","44,670",0,"64,030","38,770","40,180","85,490","46,820","46,460",0,"60,680","40,720","38,910","40,610","62,600","25,300",0,"1,003,790",,段ボール出荷合計,,"1,003,790"
,,,,,,,,,,,,,,,,,,,,,,,,,,,,,,,,,,,,,,,,
,,,,,,,,,,,,,,,,,,,,,,,,,,,,,,,,,,,,,,,,
,②新聞,,,,,,,,,,,,,,,,,,,,,,,,,,,,,,,,,,,,,②新聞,,
,1.輸出,,,,,,,,,,,,,,,,,,,,,,,,,,,,,,,,,,,,,1.輸出,,
,東方物産,,,,,,,,,,,,,,,,,,,,,,,,,,,,,,,,,,,0,,東方物産,,0
,輸出合計,,,,0,0,0,0,0,0,0,0,0,0,0,0,0,0,0,0,0,0,0,0,0,0,0,0,0,0,0,0,0,0,0,0,,輸出合計,,0
,,,,,,,,,,,,,,,,,,,,,,,,,,,,,,,,,,,,,,,,
,2.国内,,,,,,,,,,,,,,,,,,,,,,,,,,,,,,,,,,,,,2.国内,,
,中越パルプ工業,,,,"11,440",,,,,,,,,,,,"21,450","8,880",,,,,,,,,,,,,,,,,,"41,770",,中越パルプ工業,,"41,770"
,高尾製紙,,,,,,,,,,,,,,,,,,,,,,,,,,,,,,,,,,,0,,高尾製紙,,0
,大王製紙,,,,,,,,,,,,,,,,"12,550",,,,,,,,,,,,,,,"12,860",,,,"25,410",,大王製紙,,"25,410"
,ティーエスエンバイロ,パレ残紙,,,,,,,,,,,,,,,,,,,,,,,,,,,,,,,,,,0,,ティーエスエンバイロ,パレ残紙,0
,国内合計,,,,"11,440",0,0,0,0,0,0,0,0,0,0,0,"34,000","8,880",0,0,0,0,0,0,0,0,0,0,0,0,0,"12,860",0,0,0,"67,180",,国内合計,,"67,180"
,,,,,,,,,,,,,,,,,,,,,,,,,,,,,,,,,,,,,,,,
,新聞出荷合計,,,,"11,440",0,0,0,0,0,0,0,0,0,0,0,"34,000","8,880",0,0,0,0,0,0,0,0,0,0,0,0,0,"12,860",0,0,0,"67,180",,新聞出荷合計,,"67,180"
,,,,,,,,,,,,,,,,,,,,,,,,,,,,,,,,,,,,,,,,
,,,,,,,,,,,,,,,,,,,,,,,,,,,,,,,,,,,,,,,,
,③雑誌,,,,,,,,,,,,,,,,,,,,,,,,,,,,,,,,,,,,,③雑誌,,
,1.輸出,,,,,,,,,,,,,,,,,,,,,,,,,,,,,,,,,,,,,1.輸出,,
,東方物産,,,,,,,,,,,,,,,,,,,,,,,,,,,,,,,,,,,0,,東方物産,,0
,阪和興業,,,,,,,,,,,,,,,,,,,,,,,,,,,,,,,,,,,0,,阪和興業,,0
,KPP,,,,,,,,,,,,,,,,,,,,,,,,,,,,,,,,,,,0,,KPP,,0
,ＪＰ,,,,,,,,,,,,,,,,,,,,,,,,,,,,,,,,,,,0,,ＪＰ,,0
,日商岩井,,,,,,,,,,,,,,,"21,500",,,,,,,,,,,,,,,,,,,,"21,500",,日商岩井,,"21,500"
,JOP,,,,,,,,,,,,"44,530",,,,,,,,,,,,,,"45,720",,,,,,,,,"90,250",,JOP,,"90,250"
,日本紙通商,,,,,,,,,,,,,,,,,,,,,,,,,,,,,,,,,,,0,,日本紙通商,,0
,美国中南日本,,,,,,,,,,,,,,,,,,,,,,,,,,,,,,"22,560",,,,,"22,560",,美国中南日本,,"22,560"
,VIPA,,,,"22,330","22,020",,,,,"21,570",,,,,,,,,,,,,,,,,,,,,,,"43,850",,"109,770",,VIPA,,"109,770"
,輸出合計,,,,"22,330","22,020",0,0,0,0,"21,570",0,"44,530",0,0,"21,500",0,0,0,0,0,0,0,0,0,0,"45,720",0,0,0,"22,560",0,0,"43,850",0,"244,080",,輸出合計,,"244,080"
,,,,,,,,,,,,,,,,,,,,,,,,,,,,,,,,,,,,,,,,
,2.国内,,,,,,,,,,,,,,,,,,,,,,,,,,,,,,,,,,,,,2.国内,,
,日本製紙,,,,,,,,,,,,,,,,,,,,,,,,,,,,,,,,,,,0,,日本製紙,,0
,いわき大王製紙,,,,,,,,,,,,,,,,,,,,,,,,,,,,,,,,,,,0,,いわき大王製紙,,0
,いわき大王製紙,板紙ﾐｯｸｽ,,,,,,,,,,,,,,,,,,,,,,,,,,,,,,,,,,0,,いわき大王製紙,板紙ﾐｯｸｽ,0
,国内合計,,,,0,0,0,0,0,0,0,0,0,0,0,0,0,0,0,0,0,0,0,0,0,0,0,0,0,0,0,0,0,0,0,0,,国内合計,,0
,,,,,,,,,,,,,,,,,,,,,,,,,,,,,,,,,,,,,,,,
,雑誌出荷合計,,,,"22,330","22,020",0,0,0,0,"21,570",0,"44,530",0,0,"21,500",0,0,0,0,0,0,0,0,0,0,"45,720",0,0,0,"22,560",0,0,"43,850",0,"244,080",,雑誌出荷合計,,"244,080"
,,,,,,,,,,,,,,,,,,,,,,,,,,,,,,,,,,,,,,,,
,,,,,,,,,,,,,,,,,,,,,,,,,,,,,,,,,,,,,,,,
,④プラ類,,,,,,,,,,,,,,,,,,,,,,,,,,,,,,,,,,,,,④プラ類,,
,1.輸出,,,,,,,,,,,,,,,,,,,,,,,,,,,,,,,,,,,,,1.輸出,,
,東方物産,ｽﾄﾚｯﾁ,,,,,,,,,,,,,,,,,,,,,,,,,,,,,,,,,,0,,東方物産,ｽﾄﾚｯﾁ,0
,輸出合計,,,,0,0,0,0,0,0,0,0,0,0,0,0,0,0,0,0,0,0,0,0,0,0,0,0,0,0,0,0,0,0,0,0,,輸出合計,,0
,,,,,,,,,,,,,,,,,,,,,,,,,,,,,,,,,,,,,,,,
,2.国内,,,,,,,,,,,,,,,,,,,,,,,,,,,,,,,,,,,,,2.国内,,
,日本資源開発,軟質ﾐｯｸｽ,,,,,,,,,,,,,,,,,,,,,,,,,,,,,,,,,,0,,日本資源開発,軟質ﾐｯｸｽ,0
,日本資源開発,PPﾊﾞﾝﾄﾞ,,,,,,,,,,,,,,,,,,,,,,,,,,,,,,,,,,0,,日本資源開発,PPﾊﾞﾝﾄﾞ,0
,日本資源開発,ｽﾄﾚｯﾁ,,,,,,,,,,,,,,,,,,,,,,,,,,,,,,,,,,0,,日本資源開発,ｽﾄﾚｯﾁ,0
,和円商事,塩ビ,,,,,,,,,,,,,,,,,,,,,,,,,,,,,,,,,,0,,和円商事,塩ビ,0
,和円商事,フレコン,,,,,,,,,,,,,,,,,,,,,,,,,,,,,,,,,,0,,和円商事,フレコン,0
,和円商事,PPﾊﾞﾝﾄﾞ,,,,,,,,,,,,,,,,,,,,,,,,,,,,,,"2,160",,,,"2,160",,和円商事,PPﾊﾞﾝﾄﾞ,"2,160"
,和円商事,フイルムB,,,,,,,,,,,,,,,,,,,,,,,,,,,,,,"5,120",,,,"5,120",,和円商事,フイルムB,"5,120"
,和円商事,プラパレ,,,,,,,,,,,,,,,,,,,,,,,,,,,,,,460,,,,460,,和円商事,プラパレ,460
,エムアンドアール,PPﾊﾞﾝﾄﾞ,,,,,,,,,,,,,,,,,,,,,,,,,,,,,,,,,,0,,エムアンドアール,PPﾊﾞﾝﾄﾞ,0
,エムアンドアール,ﾌｲﾙﾑ（N）,,,,,,,,,,,,,,,,,,,,,,,,,,,,,,,,,,0,,エムアンドアール,ﾌｲﾙﾑ（N）,0
,エムアンドアール,軟質ﾐｯｸｽ,,,,,,,,,,,,,,,,,,,,,,,,,,,,,,,,,,0,,エムアンドアール,軟質ﾐｯｸｽ,0
,国内合計,,,,0,0,0,0,0,0,0,0,0,0,0,0,0,0,0,0,0,0,0,0,0,0,0,0,0,0,0,"7,740",0,0,0,"7,740",,国内合計,,"7,740"
,,,,,,,,,,,,,,,,,,,,,,,,,,,,,,,,,,,,,,,,
,プラ出荷合計,,,,0,0,0,0,0,0,0,0,0,0,0,0,0,0,0,0,0,0,0,0,0,0,0,0,0,0,0,"7,740",0,0,0,"7,740",,プラ出荷合計,,"7,740"
,,,,,,,,,,,,,,,,,,,,,,,,,,,,,,,,,,,,,,,,
,,,,,,,,,,,,,,,,,,,,,,,,,,,,,,,,,,,,,,,,
,⑤その他,,,,,,,,,,,,,,,,,,,,,,,,,,,,,,,,,,,,,⑤その他,,
,1.輸出,,,,,,,,,,,,,,,,,,,,,,,,,,,,,,,,,,,,,1.輸出,,
,美国中南日本,ｶｯﾌﾟ原紙,,,,"39,010",,,,,,,,,,,,,,,,,,,,,,,,,,,,,,"39,010",,美国中南日本,ｶｯﾌﾟ原紙,"39,010"
,JOP,ｶｯﾌﾟ原紙,,,,,,,,,,,,,,,,,,,,,,,,,,,,,,,,,,0,,JOP,ｶｯﾌﾟ原紙,0
,阪和興業,袋茶,,,,,,,,,,,,,,,,,,,,,,,,,,,,,,,,,,0,,阪和興業,袋茶,0
,輸出合計,,,,0,"39,010",0,0,0,0,0,0,0,0,0,0,0,0,0,0,0,0,0,0,0,0,0,0,0,0,0,0,0,0,0,"39,010",,輸出合計,,"39,010"
,,,,,,,,,,,,,,,,,,,,,,,,,,,,,,,,,,,,,,,,
,2.国内,,,,,,,,,,,,,,,,,,,,,,,,,,,,,,,,,,,,,2.国内,,
,丸井製紙,色模造,,,,,,,,,,"12,940",,,,,,,,"12,920",,"12,540",,,,"12,610",,,,,,,"13,080",,,"64,090",,丸井製紙,色模造,"64,090"
,丸井製紙,上ケントS,,,,,,,,,,,,,,,,,,,,,,,,,,,,,,,,,,0,,丸井製紙,上ケントS,0
,大王製紙,難処理古紙,,,,,,,,,,,,,,,"11,930",,"7,310",,,,,,,,,,,,,,"10,700",,,"29,940",,大王製紙,難処理古紙,"29,940"
,大王製紙,ﾋﾞﾆｰﾙ重袋,,,,,,,,,,,,,,,,,,,,,,,,,,,,,,,"6,760",,,"6,760",,大王製紙,ﾋﾞﾆｰﾙ重袋,"6,760"
,大王製紙,紙管,,,,,,,,,,,,,,,,,"4,460",,,,,,,,,,,,,,,,,"4,460",,大王製紙,紙管,"4,460"
,大王製紙,紙管（金具付）,,,,,,,,,,,,,,,,,,,,,,,,,,,,,,,,,,0,,大王製紙,紙管（金具付）,0
,大王製紙,上台紙,,,,,,,,,,,,,,,,,,,,,,,,,,,,,,,,,,0,,大王製紙,上台紙,0
,いわき大王製紙,上台紙,,,,,,,,,,,,,,,,,,,,,"13,010","12,030",,,,,,,,,,,,"25,040",,いわき大王製紙,上台紙,"25,040"
,いわき大王製紙,紙管,,,,,,,,,,,,,,,,,,,,,,,,,,,,,,,,,,0,,いわき大王製紙,紙管,0
,いわき大王製紙,雑がみバラ,,,,,,,,,,,,,,,,,,,,,,,,,,,,,,,,,,0,,いわき大王製紙,雑がみバラ,0
,日本製紙/草加,上台紙,,,,,,,,,,,,,,,,,,,,,,,,,,,,,,,,,,0,,日本製紙/草加,上台紙,0
,アイネット（愛媛パルプ）,カップ原紙,,,,,,,,,,,,,,,,,,,,,,,,,,,,,,,,,,0,,アイネット（愛媛パルプ）,カップ原紙,0
,日誠産業,牛乳パック,,,,,,,,,,,,,,,,,,,,,,,,,,,,,,,,,,0,,日本製紙,カップ原紙,0
,日誠産業,ｶｯﾌﾟ色ﾄﾘﾑ,,,,,,,,,,,,,,,,,,,,,,,,,,,,,,,,,,0,,日誠産業,牛乳パック,0
,ｴﾘｴｰﾙﾍﾟｰﾊﾟ,ｼｭﾚｯﾀﾞｰ,,,,,,,,,,,,,,,,,,,,,,,,,,,,,,,,,,0,,日誠産業,ｶｯﾌﾟ色ﾄﾘﾑ,0
,ｴﾘｴｰﾙﾍﾟｰﾊﾟ,上ケント,,,,,,,,,,,,,,,,,,,,,,,,,,,,,,,,,,0,,ｴﾘｴｰﾙﾍﾟｰﾊﾟ,ｼｭﾚｯﾀﾞｰ,0
,王子製紙,模造,,,,,,,,,,,,,,,,,,,,,,,,,,,,,,,,,,0,,ｴﾘｴｰﾙﾍﾟｰﾊﾟ,上ケント,0
,王子ｸﾞﾘｰﾝﾘｿｰｽ,上白,,,,,,,,,,,,,,,,,,,,,,,,,,,,,,,,,,0,,王子製紙,模造,0
,王子マテリア,上白,,,,,,,,,,,,,,,,,,,,,,,,,,,,,,,,,,0,,王子ｸﾞﾘｰﾝﾘｿｰｽ,上白,0
,王子マテリア,白アート,,,,,,,,,,,,,,,,,,,,,,,,,,,,,,,,,,0,,王子マテリア,上白,0
,阪和興業,袋茶,,,,,,,,,,,,,,,,,,,,,,,,,,,,,,,,,,0,,王子マテリア,白アート,0
,大津板紙（JOP),袋茶,,,,,,,,,,,,,,,,,,,,,,,,,,,,,,,,,,0,,阪和興業,袋茶,0
,鶴見製紙,機密書類,,,,,,,,,,,,,,,,,,,,,,,,,,,,,,"2,290",,,,"2,290",,大津板紙（JOP),袋茶,0
,興亜工業,,,,,,,,,,,,,,,,,,,,,,,,,,,,,,,,,,,0,,鶴見製紙,機密書類,"2,290"
,ﾘﾝｸｺｰﾎﾟﾚｰｼｮﾝ,ウエス,,,,,,,,,,,,,,,,,,,,,,,"1,770",,,,,,,,,,,"1,770",,ﾘﾝｸｺｰﾎﾟﾚｰｼｮﾝ,ウエス,"1,770"
,富商,ウエス,,,"1,690",,,,,,,"2,500",,,,,,,,"1,870",,,,,,,,,,,,,,,,"6,060",,富商,ウエス,"6,060"
,ベストトレーディング,ウエス,,,,,,,,,,,,,,,,,,,,,,,,,,,,,,,,,,0,,ベストトレーディング,ウエス,0
,大西金属,アルミ缶,,,,,,,,,,,,,,,,,,,,,,,,,,,,,,,,,,0,,大西金属,アルミ缶,0
,レックス,難処理古紙,,,,,,,,,,,,,,,,,,,,,,,,,,,,,,,,,,0,,レックス,難処理古紙,0
,シブヤ,鉄くず,,,,,,,,,,,,,,,,,,,,,,,,,,,,,,,,,,0,,シブヤ,鉄くず,0
,富士里和製紙,上ケント,,,,,,,,,,,,,,,,,,,,,,,,,,,,,,,,,,0,,富士里和製紙,上ケント,0
,新橋製紙,上ケント,,,,,,,,,,,,,,"12,440",,,,,,,,,,,,,,"11,750",,,,,,"24,190",,新橋製紙,上ケント,"24,190"
,太洋紙業,上ケントS,,,,,,,,,,,,,,,,,,,,,,,,,,,,,,,,,,0,,太洋紙業,上ケントS,0
,田丸,ペットボトル,,,,,,,,,,,,,,,,,,,,,,,,,,,,,,,,,,0,,田丸,ペットボトル,0
,岩本商店,残紙,,,,,,,,,,,,,,,,,,,,"2,900",,,,,,,,,,,"3,120",,,"6,020",,岩本商店,残紙,"6,020"
,北陸ｺｰﾎﾟﾚｰｼｮﾝ/市川工場,上台紙,,,,,,,,,,,,,,,,,,,,,,,,,,,,,,,,,,0,,北陸ｺｰﾎﾟﾚｰｼｮﾝ/市川工場,上台紙,0
,新生紙パルプ/山恭製紙,上台紙,,,,,,,,,,,,,,,,,,,,,,,,"12,880",,,,,,,,,,"12,880",,新生紙パルプ/山恭製紙,上台紙,"12,880"
,イデサンコー,上ケント,,,,,,,,,,,,,,,,,,,,,,,,,,,,,,,,,,0,,イデサンコー,上ケント,0
,丸富製紙,上ケント,,,,,,,,,,,,,,,,,,,,,,,,,,,,,,,,,,0,,丸富製紙,上ケント,0
,坪野谷商事（タチオカ商会）,アルミ缶,,,,,,,,,,,,,,,,,,,,,,,,,,,,,,,,,,0,,坪野谷商事（タチオカ商会）,アルミ缶,0
,坪野谷商事（シブヤ）,鉄くず,,,,,,,,,930,,,,,,,,,,,,,,,,,,,,,,830,,,"1,760",,坪野谷商事（シブヤ）,鉄くず,"1,760"
,坪野谷商事（鉄、非鉄）,アルミ缶,,,,,,,,,,,,,,,,,,,,,,,,,,,,,,,,,,0,,坪野谷商事（鉄、非鉄）,アルミ缶,0
,国内合計,,,,"1,690",0,0,0,0,0,930,"15,440",0,0,0,"12,440","11,930",0,"11,770","14,790",0,"15,440","13,010","12,030","1,770","25,490",0,0,0,"11,750",0,"2,290","34,490",0,0,"185,260",,国内合計,,"185,260"
,,,,,,,,,,,,,,,,,,,,,,,,,,,,,,,,,,,,,,,,
,その他出荷合計,,,,"1,690","39,010",0,0,0,0,930,"15,440",0,0,0,"12,440","11,930",0,"11,770","14,790",0,"15,440","13,010","12,030","1,770","25,490",0,0,0,"11,750",0,"2,290","34,490",0,0,"224,270",,その他出荷合計,,"224,270"
,,,,,,,,,,,,,,,,,,,,,,,,,,,,,,,,,,,,,,,,
,出荷総合計,,,,"77,550","84,210",0,0,0,"19,750","107,000","36,320","44,530",0,"19,380","77,470","95,730","29,030","57,060","59,460",0,"79,470","51,780","52,210","87,260","72,310","92,180",0,"60,680","52,470","61,470","63,500","97,090","69,150",0,"1,547,060",,出荷総合計,,"1,547,060"
